phase,segment,condition,rep,ctx_tokens,prefill_tps,gen_tps,gen_steady_tps,gen_first_ms,prefill_tokens,gen_tokens,gen_steady_tokens,kvcache_bytes,rep_start_iso,rep_end_iso,rep_seconds,monitord_samples,die_c_max,die_c_mean,die_c_min,cpu_c_max,cpu_c_mean,enclosure_c_mean,power_soc_w_mean,power_soc_w_max,power_input_w_mean,power_input_w_max,fan1_rpm_mean,fan2_rpm_mean,fan_rpm_mean_both,gpu_util_mean,vram_b_mean,die_rep_end_c_driver,phase_start_die_c,ambient_rep_start_c,ambient_rep_start_bracket,ambient_rep_start_gap_s,ambient_rep_end_c,ambient_rep_end_bracket,ambient_rep_end_gap_s,delta_t_die_max_over_ambient_c,cooldown_outcome,cooldown_waited_s,cooldown_slope_c_per_min,cooled_on,settle_in_s,tree_sha,gguf,run_started_iso
1,1,auto,1,2048,803.85,45.48,45.55,23.733,2048,128,127,52184460,2026-09-09T19:51:02-0400,2026-09-09T19:51:53-0400,51,49,97.47,80.064,31.2,86.98,68.05,23.745,97.896,140.4,121.042,134.08,776.49,839.673,808.1,0.937,90182666198.204,62.6,30.93,20.813,19:49:39/19:51:39,120,20.777,19:51:39/20:05:39,839,76.657,plateau,251,-0.3,max,0,6289c5162739,DeepSeek-V4-Flash-IQ2XXS-w2Q2K-AProjQ8-SExpQ8-OutQ8-chat-v2-imatrix-0731.gguf,2026-09-09T19:46:50-0400
1,1,auto,1,4096,684.85,42.20,42.26,25.307,2048,128,127,80373132,2026-09-09T19:51:02-0400,2026-09-09T19:51:53-0400,51,49,97.47,80.064,31.2,86.98,68.05,23.745,97.896,140.4,121.042,134.08,776.49,839.673,808.1,0.937,90182666198.204,62.6,30.93,20.813,19:49:39/19:51:39,120,20.777,19:51:39/20:05:39,839,76.657,plateau,251,-0.3,max,0,6289c5162739,DeepSeek-V4-Flash-IQ2XXS-w2Q2K-AProjQ8-SExpQ8-OutQ8-chat-v2-imatrix-0731.gguf,2026-09-09T19:46:50-0400
1,1,auto,1,6144,687.29,42.10,42.17,26.743,2048,128,127,108561804,2026-09-09T19:51:02-0400,2026-09-09T19:51:53-0400,51,49,97.47,80.064,31.2,86.98,68.05,23.745,97.896,140.4,121.042,134.08,776.49,839.673,808.1,0.937,90182666198.204,62.6,30.93,20.813,19:49:39/19:51:39,120,20.777,19:51:39/20:05:39,839,76.657,plateau,251,-0.3,max,0,6289c5162739,DeepSeek-V4-Flash-IQ2XXS-w2Q2K-AProjQ8-SExpQ8-OutQ8-chat-v2-imatrix-0731.gguf,2026-09-09T19:46:50-0400
1,1,auto,1,8192,660.57,41.66,41.72,25.483,2048,128,127,136750476,2026-09-09T19:51:02-0400,2026-09-09T19:51:53-0400,51,49,97.47,80.064,31.2,86.98,68.05,23.745,97.896,140.4,121.042,134.08,776.49,839.673,808.1,0.937,90182666198.204,62.6,30.93,20.813,19:49:39/19:51:39,120,20.777,19:51:39/20:05:39,839,76.657,plateau,251,-0.3,max,0,6289c5162739,DeepSeek-V4-Flash-IQ2XXS-w2Q2K-AProjQ8-SExpQ8-OutQ8-chat-v2-imatrix-0731.gguf,2026-09-09T19:46:50-0400
1,1,auto,1,10240,628.00,41.12,41.22,29.753,2048,128,127,164939148,2026-09-09T19:51:02-0400,2026-09-09T19:51:53-0400,51,49,97.47,80.064,31.2,86.98,68.05,23.745,97.896,140.4,121.042,134.08,776.49,839.673,808.1,0.937,90182666198.204,62.6,30.93,20.813,19:49:39/19:51:39,120,20.777,19:51:39/20:05:39,839,76.657,plateau,251,-0.3,max,0,6289c5162739,DeepSeek-V4-Flash-IQ2XXS-w2Q2K-AProjQ8-SExpQ8-OutQ8-chat-v2-imatrix-0731.gguf,2026-09-09T19:46:50-0400
1,1,auto,1,12288,596.93,40.74,40.81,28.018,2048,128,127,193127820,2026-09-09T19:51:02-0400,2026-09-09T19:51:53-0400,51,49,97.47,80.064,31.2,86.98,68.05,23.745,97.896,140.4,121.042,134.08,776.49,839.673,808.1,0.937,90182666198.204,62.6,30.93,20.813,19:49:39/19:51:39,120,20.777,19:51:39/20:05:39,839,76.657,plateau,251,-0.3,max,0,6289c5162739,DeepSeek-V4-Flash-IQ2XXS-w2Q2K-AProjQ8-SExpQ8-OutQ8-chat-v2-imatrix-0731.gguf,2026-09-09T19:46:50-0400
1,1,auto,1,14336,587.86,40.16,40.21,26.179,2048,128,127,221316492,2026-09-09T19:51:02-0400,2026-09-09T19:51:53-0400,51,49,97.47,80.064,31.2,86.98,68.05,23.745,97.896,140.4,121.042,134.08,776.49,839.673,808.1,0.937,90182666198.204,62.6,30.93,20.813,19:49:39/19:51:39,120,20.777,19:51:39/20:05:39,839,76.657,plateau,251,-0.3,max,0,6289c5162739,DeepSeek-V4-Flash-IQ2XXS-w2Q2K-AProjQ8-SExpQ8-OutQ8-chat-v2-imatrix-0731.gguf,2026-09-09T19:46:50-0400
1,1,auto,1,16384,578.00,39.59,39.64,27.619,2048,128,127,0,2026-09-09T19:51:02-0400,2026-09-09T19:51:53-0400,51,49,97.47,80.064,31.2,86.98,68.05,23.745,97.896,140.4,121.042,134.08,776.49,839.673,808.1,0.937,90182666198.204,62.6,30.93,20.813,19:49:39/19:51:39,120,20.777,19:51:39/20:05:39,839,76.657,plateau,251,-0.3,max,0,6289c5162739,DeepSeek-V4-Flash-IQ2XXS-w2Q2K-AProjQ8-SExpQ8-OutQ8-chat-v2-imatrix-0731.gguf,2026-09-09T19:46:50-0400
1,1,auto,2,2048,735.35,44.97,45.03,24.044,2048,128,127,52184460,2026-09-09T19:51:53-0400,2026-09-09T19:52:46-0400,53,51,99.61,93.58,90.34,88.69,83.683,23.969,92.433,112.09,121.299,135.37,2765.98,2987.137,2876.6,0.956,91980256918.588,72.99,30.93,20.777,19:51:39/20:05:39,839,20.773,19:51:39/20:05:39,839,78.833,plateau,251,-0.3,max,0,6289c5162739,DeepSeek-V4-Flash-IQ2XXS-w2Q2K-AProjQ8-SExpQ8-OutQ8-chat-v2-imatrix-0731.gguf,2026-09-09T19:46:50-0400
1,1,auto,2,4096,613.65,40.48,40.56,28.266,2048,128,127,80373132,2026-09-09T19:51:53-0400,2026-09-09T19:52:46-0400,53,51,99.61,93.58,90.34,88.69,83.683,23.969,92.433,112.09,121.299,135.37,2765.98,2987.137,2876.6,0.956,91980256918.588,72.99,30.93,20.777,19:51:39/20:05:39,839,20.773,19:51:39/20:05:39,839,78.833,plateau,251,-0.3,max,0,6289c5162739,DeepSeek-V4-Flash-IQ2XXS-w2Q2K-AProjQ8-SExpQ8-OutQ8-chat-v2-imatrix-0731.gguf,2026-09-09T19:46:50-0400
1,1,auto,2,6144,611.71,40.60,40.67,27.549,2048,128,127,108561804,2026-09-09T19:51:53-0400,2026-09-09T19:52:46-0400,53,51,99.61,93.58,90.34,88.69,83.683,23.969,92.433,112.09,121.299,135.37,2765.98,2987.137,2876.6,0.956,91980256918.588,72.99,30.93,20.777,19:51:39/20:05:39,839,20.773,19:51:39/20:05:39,839,78.833,plateau,251,-0.3,max,0,6289c5162739,DeepSeek-V4-Flash-IQ2XXS-w2Q2K-AProjQ8-SExpQ8-OutQ8-chat-v2-imatrix-0731.gguf,2026-09-09T19:46:50-0400
1,1,auto,2,8192,603.02,40.31,40.36,26.053,2048,128,127,136750476,2026-09-09T19:51:53-0400,2026-09-09T19:52:46-0400,53,51,99.61,93.58,90.34,88.69,83.683,23.969,92.433,112.09,121.299,135.37,2765.98,2987.137,2876.6,0.956,91980256918.588,72.99,30.93,20.777,19:51:39/20:05:39,839,20.773,19:51:39/20:05:39,839,78.833,plateau,251,-0.3,max,0,6289c5162739,DeepSeek-V4-Flash-IQ2XXS-w2Q2K-AProjQ8-SExpQ8-OutQ8-chat-v2-imatrix-0731.gguf,2026-09-09T19:46:50-0400
1,1,auto,2,10240,588.80,40.38,40.43,26.233,2048,128,127,164939148,2026-09-09T19:51:53-0400,2026-09-09T19:52:46-0400,53,51,99.61,93.58,90.34,88.69,83.683,23.969,92.433,112.09,121.299,135.37,2765.98,2987.137,2876.6,0.956,91980256918.588,72.99,30.93,20.777,19:51:39/20:05:39,839,20.773,19:51:39/20:05:39,839,78.833,plateau,251,-0.3,max,0,6289c5162739,DeepSeek-V4-Flash-IQ2XXS-w2Q2K-AProjQ8-SExpQ8-OutQ8-chat-v2-imatrix-0731.gguf,2026-09-09T19:46:50-0400
1,1,auto,2,12288,587.70,39.91,39.97,27.682,2048,128,127,193127820,2026-09-09T19:51:53-0400,2026-09-09T19:52:46-0400,53,51,99.61,93.58,90.34,88.69,83.683,23.969,92.433,112.09,121.299,135.37,2765.98,2987.137,2876.6,0.956,91980256918.588,72.99,30.93,20.777,19:51:39/20:05:39,839,20.773,19:51:39/20:05:39,839,78.833,plateau,251,-0.3,max,0,6289c5162739,DeepSeek-V4-Flash-IQ2XXS-w2Q2K-AProjQ8-SExpQ8-OutQ8-chat-v2-imatrix-0731.gguf,2026-09-09T19:46:50-0400
1,1,auto,2,14336,587.97,40.23,40.28,26.535,2048,128,127,221316492,2026-09-09T19:51:53-0400,2026-09-09T19:52:46-0400,53,51,99.61,93.58,90.34,88.69,83.683,23.969,92.433,112.09,121.299,135.37,2765.98,2987.137,2876.6,0.956,91980256918.588,72.99,30.93,20.777,19:51:39/20:05:39,839,20.773,19:51:39/20:05:39,839,78.833,plateau,251,-0.3,max,0,6289c5162739,DeepSeek-V4-Flash-IQ2XXS-w2Q2K-AProjQ8-SExpQ8-OutQ8-chat-v2-imatrix-0731.gguf,2026-09-09T19:46:50-0400
1,1,auto,2,16384,574.66,39.47,39.52,27.291,2048,128,127,0,2026-09-09T19:51:53-0400,2026-09-09T19:52:46-0400,53,51,99.61,93.58,90.34,88.69,83.683,23.969,92.433,112.09,121.299,135.37,2765.98,2987.137,2876.6,0.956,91980256918.588,72.99,30.93,20.777,19:51:39/20:05:39,839,20.773,19:51:39/20:05:39,839,78.833,plateau,251,-0.3,max,0,6289c5162739,DeepSeek-V4-Flash-IQ2XXS-w2Q2K-AProjQ8-SExpQ8-OutQ8-chat-v2-imatrix-0731.gguf,2026-09-09T19:46:50-0400
1,1,auto,3,2048,751.13,44.27,44.37,27.029,2048,128,127,52184460,2026-09-09T19:52:46-0400,2026-09-09T19:53:39-0400,53,50,95.58,91.36,87.62,86.14,82.117,24.64,92.254,123.08,121.394,134.64,3279.2,3540.64,3409.9,0.935,91903605473.28,74.83,30.93,20.773,19:51:39/20:05:39,839,20.77,19:51:39/20:05:39,839,74.807,plateau,251,-0.3,max,0,6289c5162739,DeepSeek-V4-Flash-IQ2XXS-w2Q2K-AProjQ8-SExpQ8-OutQ8-chat-v2-imatrix-0731.gguf,2026-09-09T19:46:50-0400
1,1,auto,3,4096,619.55,41.24,41.29,25.737,2048,128,127,80373132,2026-09-09T19:52:46-0400,2026-09-09T19:53:39-0400,53,50,95.58,91.36,87.62,86.14,82.117,24.64,92.254,123.08,121.394,134.64,3279.2,3540.64,3409.9,0.935,91903605473.28,74.83,30.93,20.773,19:51:39/20:05:39,839,20.77,19:51:39/20:05:39,839,74.807,plateau,251,-0.3,max,0,6289c5162739,DeepSeek-V4-Flash-IQ2XXS-w2Q2K-AProjQ8-SExpQ8-OutQ8-chat-v2-imatrix-0731.gguf,2026-09-09T19:46:50-0400
1,1,auto,3,6144,600.59,40.28,40.34,26.749,2048,128,127,108561804,2026-09-09T19:52:46-0400,2026-09-09T19:53:39-0400,53,50,95.58,91.36,87.62,86.14,82.117,24.64,92.254,123.08,121.394,134.64,3279.2,3540.64,3409.9,0.935,91903605473.28,74.83,30.93,20.773,19:51:39/20:05:39,839,20.77,19:51:39/20:05:39,839,74.807,plateau,251,-0.3,max,0,6289c5162739,DeepSeek-V4-Flash-IQ2XXS-w2Q2K-AProjQ8-SExpQ8-OutQ8-chat-v2-imatrix-0731.gguf,2026-09-09T19:46:50-0400
1,1,auto,3,8192,612.05,40.86,40.94,28.647,2048,128,127,136750476,2026-09-09T19:52:46-0400,2026-09-09T19:53:39-0400,53,50,95.58,91.36,87.62,86.14,82.117,24.64,92.254,123.08,121.394,134.64,3279.2,3540.64,3409.9,0.935,91903605473.28,74.83,30.93,20.773,19:51:39/20:05:39,839,20.77,19:51:39/20:05:39,839,74.807,plateau,251,-0.3,max,0,6289c5162739,DeepSeek-V4-Flash-IQ2XXS-w2Q2K-AProjQ8-SExpQ8-OutQ8-chat-v2-imatrix-0731.gguf,2026-09-09T19:46:50-0400
1,1,auto,3,10240,589.09,39.92,39.97,27.023,2048,128,127,164939148,2026-09-09T19:52:46-0400,2026-09-09T19:53:39-0400,53,50,95.58,91.36,87.62,86.14,82.117,24.64,92.254,123.08,121.394,134.64,3279.2,3540.64,3409.9,0.935,91903605473.28,74.83,30.93,20.773,19:51:39/20:05:39,839,20.77,19:51:39/20:05:39,839,74.807,plateau,251,-0.3,max,0,6289c5162739,DeepSeek-V4-Flash-IQ2XXS-w2Q2K-AProjQ8-SExpQ8-OutQ8-chat-v2-imatrix-0731.gguf,2026-09-09T19:46:50-0400
1,1,auto,3,12288,593.71,40.07,40.12,26.562,2048,128,127,193127820,2026-09-09T19:52:46-0400,2026-09-09T19:53:39-0400,53,50,95.58,91.36,87.62,86.14,82.117,24.64,92.254,123.08,121.394,134.64,3279.2,3540.64,3409.9,0.935,91903605473.28,74.83,30.93,20.773,19:51:39/20:05:39,839,20.77,19:51:39/20:05:39,839,74.807,plateau,251,-0.3,max,0,6289c5162739,DeepSeek-V4-Flash-IQ2XXS-w2Q2K-AProjQ8-SExpQ8-OutQ8-chat-v2-imatrix-0731.gguf,2026-09-09T19:46:50-0400
1,1,auto,3,14336,577.94,39.65,39.75,30.788,2048,128,127,221316492,2026-09-09T19:52:46-0400,2026-09-09T19:53:39-0400,53,50,95.58,91.36,87.62,86.14,82.117,24.64,92.254,123.08,121.394,134.64,3279.2,3540.64,3409.9,0.935,91903605473.28,74.83,30.93,20.773,19:51:39/20:05:39,839,20.77,19:51:39/20:05:39,839,74.807,plateau,251,-0.3,max,0,6289c5162739,DeepSeek-V4-Flash-IQ2XXS-w2Q2K-AProjQ8-SExpQ8-OutQ8-chat-v2-imatrix-0731.gguf,2026-09-09T19:46:50-0400
1,1,auto,3,16384,589.02,39.76,39.82,27.268,2048,128,127,0,2026-09-09T19:52:46-0400,2026-09-09T19:53:39-0400,53,50,95.58,91.36,87.62,86.14,82.117,24.64,92.254,123.08,121.394,134.64,3279.2,3540.64,3409.9,0.935,91903605473.28,74.83,30.93,20.773,19:51:39/20:05:39,839,20.77,19:51:39/20:05:39,839,74.807,plateau,251,-0.3,max,0,6289c5162739,DeepSeek-V4-Flash-IQ2XXS-w2Q2K-AProjQ8-SExpQ8-OutQ8-chat-v2-imatrix-0731.gguf,2026-09-09T19:46:50-0400
2,1,max,1,2048,808.04,45.88,45.96,23.920,2048,128,127,52184460,2026-09-09T20:05:27-0400,2026-09-09T20:06:16-0400,49,47,91.58,74.722,26.39,60.53,51.943,21.753,98.743,136.57,122.301,134.42,5351.191,5781.766,5566.5,0.97,91775217576.851,51.56,26.21,20.723,19:51:39/20:05:39,839,20.716,20:05:39/20:15:39,600,70.857,plateau,707,-0.2957,max,0,6289c5162739,DeepSeek-V4-Flash-IQ2XXS-w2Q2K-AProjQ8-SExpQ8-OutQ8-chat-v2-imatrix-0731.gguf,2026-09-09T19:46:50-0400
2,1,max,1,4096,726.32,42.34,42.38,23.964,2048,128,127,80373132,2026-09-09T20:05:27-0400,2026-09-09T20:06:16-0400,49,47,91.58,74.722,26.39,60.53,51.943,21.753,98.743,136.57,122.301,134.42,5351.191,5781.766,5566.5,0.97,91775217576.851,51.56,26.21,20.723,19:51:39/20:05:39,839,20.716,20:05:39/20:15:39,600,70.857,plateau,707,-0.2957,max,0,6289c5162739,DeepSeek-V4-Flash-IQ2XXS-w2Q2K-AProjQ8-SExpQ8-OutQ8-chat-v2-imatrix-0731.gguf,2026-09-09T19:46:50-0400
2,1,max,1,6144,716.52,42.25,42.30,25.267,2048,128,127,108561804,2026-09-09T20:05:27-0400,2026-09-09T20:06:16-0400,49,47,91.58,74.722,26.39,60.53,51.943,21.753,98.743,136.57,122.301,134.42,5351.191,5781.766,5566.5,0.97,91775217576.851,51.56,26.21,20.723,19:51:39/20:05:39,839,20.716,20:05:39/20:15:39,600,70.857,plateau,707,-0.2957,max,0,6289c5162739,DeepSeek-V4-Flash-IQ2XXS-w2Q2K-AProjQ8-SExpQ8-OutQ8-chat-v2-imatrix-0731.gguf,2026-09-09T19:46:50-0400
2,1,max,1,8192,706.14,41.87,41.97,28.192,2048,128,127,136750476,2026-09-09T20:05:27-0400,2026-09-09T20:06:16-0400,49,47,91.58,74.722,26.39,60.53,51.943,21.753,98.743,136.57,122.301,134.42,5351.191,5781.766,5566.5,0.97,91775217576.851,51.56,26.21,20.723,19:51:39/20:05:39,839,20.716,20:05:39/20:15:39,600,70.857,plateau,707,-0.2957,max,0,6289c5162739,DeepSeek-V4-Flash-IQ2XXS-w2Q2K-AProjQ8-SExpQ8-OutQ8-chat-v2-imatrix-0731.gguf,2026-09-09T19:46:50-0400
2,1,max,1,10240,622.19,41.14,41.23,28.480,2048,128,127,164939148,2026-09-09T20:05:27-0400,2026-09-09T20:06:16-0400,49,47,91.58,74.722,26.39,60.53,51.943,21.753,98.743,136.57,122.301,134.42,5351.191,5781.766,5566.5,0.97,91775217576.851,51.56,26.21,20.723,19:51:39/20:05:39,839,20.716,20:05:39/20:15:39,600,70.857,plateau,707,-0.2957,max,0,6289c5162739,DeepSeek-V4-Flash-IQ2XXS-w2Q2K-AProjQ8-SExpQ8-OutQ8-chat-v2-imatrix-0731.gguf,2026-09-09T19:46:50-0400
2,1,max,1,12288,606.74,40.83,40.93,29.325,2048,128,127,193127820,2026-09-09T20:05:27-0400,2026-09-09T20:06:16-0400,49,47,91.58,74.722,26.39,60.53,51.943,21.753,98.743,136.57,122.301,134.42,5351.191,5781.766,5566.5,0.97,91775217576.851,51.56,26.21,20.723,19:51:39/20:05:39,839,20.716,20:05:39/20:15:39,600,70.857,plateau,707,-0.2957,max,0,6289c5162739,DeepSeek-V4-Flash-IQ2XXS-w2Q2K-AProjQ8-SExpQ8-OutQ8-chat-v2-imatrix-0731.gguf,2026-09-09T19:46:50-0400
2,1,max,1,14336,614.11,40.42,40.49,27.440,2048,128,127,221316492,2026-09-09T20:05:27-0400,2026-09-09T20:06:16-0400,49,47,91.58,74.722,26.39,60.53,51.943,21.753,98.743,136.57,122.301,134.42,5351.191,5781.766,5566.5,0.97,91775217576.851,51.56,26.21,20.723,19:51:39/20:05:39,839,20.716,20:05:39/20:15:39,600,70.857,plateau,707,-0.2957,max,0,6289c5162739,DeepSeek-V4-Flash-IQ2XXS-w2Q2K-AProjQ8-SExpQ8-OutQ8-chat-v2-imatrix-0731.gguf,2026-09-09T19:46:50-0400
2,1,max,1,16384,615.65,39.86,39.93,28.089,2048,128,127,0,2026-09-09T20:05:27-0400,2026-09-09T20:06:16-0400,49,47,91.58,74.722,26.39,60.53,51.943,21.753,98.743,136.57,122.301,134.42,5351.191,5781.766,5566.5,0.97,91775217576.851,51.56,26.21,20.723,19:51:39/20:05:39,839,20.716,20:05:39/20:15:39,600,70.857,plateau,707,-0.2957,max,0,6289c5162739,DeepSeek-V4-Flash-IQ2XXS-w2Q2K-AProjQ8-SExpQ8-OutQ8-chat-v2-imatrix-0731.gguf,2026-09-09T19:46:50-0400
2,1,max,2,2048,781.76,44.89,45.01,27.174,2048,128,127,52184460,2026-09-09T20:06:17-0400,2026-09-09T20:07:08-0400,51,49,90.2,85.769,71.62,65.47,62.929,21.964,93.336,112.12,122.549,135.34,5350.02,5780.286,5565.2,0.951,90118175430.531,58.84,26.21,20.715,20:05:39/20:15:39,600,20.706,20:05:39/20:15:39,600,69.485,plateau,707,-0.2957,max,0,6289c5162739,DeepSeek-V4-Flash-IQ2XXS-w2Q2K-AProjQ8-SExpQ8-OutQ8-chat-v2-imatrix-0731.gguf,2026-09-09T19:46:50-0400
2,1,max,2,4096,661.00,40.94,41.00,26.582,2048,128,127,80373132,2026-09-09T20:06:17-0400,2026-09-09T20:07:08-0400,51,49,90.2,85.769,71.62,65.47,62.929,21.964,93.336,112.12,122.549,135.34,5350.02,5780.286,5565.2,0.951,90118175430.531,58.84,26.21,20.715,20:05:39/20:15:39,600,20.706,20:05:39/20:15:39,600,69.485,plateau,707,-0.2957,max,0,6289c5162739,DeepSeek-V4-Flash-IQ2XXS-w2Q2K-AProjQ8-SExpQ8-OutQ8-chat-v2-imatrix-0731.gguf,2026-09-09T19:46:50-0400
2,1,max,2,6144,644.46,40.75,40.81,27.111,2048,128,127,108561804,2026-09-09T20:06:17-0400,2026-09-09T20:07:08-0400,51,49,90.2,85.769,71.62,65.47,62.929,21.964,93.336,112.12,122.549,135.34,5350.02,5780.286,5565.2,0.951,90118175430.531,58.84,26.21,20.715,20:05:39/20:15:39,600,20.706,20:05:39/20:15:39,600,69.485,plateau,707,-0.2957,max,0,6289c5162739,DeepSeek-V4-Flash-IQ2XXS-w2Q2K-AProjQ8-SExpQ8-OutQ8-chat-v2-imatrix-0731.gguf,2026-09-09T19:46:50-0400
2,1,max,2,8192,637.59,40.92,40.99,27.125,2048,128,127,136750476,2026-09-09T20:06:17-0400,2026-09-09T20:07:08-0400,51,49,90.2,85.769,71.62,65.47,62.929,21.964,93.336,112.12,122.549,135.34,5350.02,5780.286,5565.2,0.951,90118175430.531,58.84,26.21,20.715,20:05:39/20:15:39,600,20.706,20:05:39/20:15:39,600,69.485,plateau,707,-0.2957,max,0,6289c5162739,DeepSeek-V4-Flash-IQ2XXS-w2Q2K-AProjQ8-SExpQ8-OutQ8-chat-v2-imatrix-0731.gguf,2026-09-09T19:46:50-0400
2,1,max,2,10240,622.05,40.60,40.66,27.073,2048,128,127,164939148,2026-09-09T20:06:17-0400,2026-09-09T20:07:08-0400,51,49,90.2,85.769,71.62,65.47,62.929,21.964,93.336,112.12,122.549,135.34,5350.02,5780.286,5565.2,0.951,90118175430.531,58.84,26.21,20.715,20:05:39/20:15:39,600,20.706,20:05:39/20:15:39,600,69.485,plateau,707,-0.2957,max,0,6289c5162739,DeepSeek-V4-Flash-IQ2XXS-w2Q2K-AProjQ8-SExpQ8-OutQ8-chat-v2-imatrix-0731.gguf,2026-09-09T19:46:50-0400
2,1,max,2,12288,615.70,40.24,40.32,28.643,2048,128,127,193127820,2026-09-09T20:06:17-0400,2026-09-09T20:07:08-0400,51,49,90.2,85.769,71.62,65.47,62.929,21.964,93.336,112.12,122.549,135.34,5350.02,5780.286,5565.2,0.951,90118175430.531,58.84,26.21,20.715,20:05:39/20:15:39,600,20.706,20:05:39/20:15:39,600,69.485,plateau,707,-0.2957,max,0,6289c5162739,DeepSeek-V4-Flash-IQ2XXS-w2Q2K-AProjQ8-SExpQ8-OutQ8-chat-v2-imatrix-0731.gguf,2026-09-09T19:46:50-0400
2,1,max,2,14336,607.19,40.06,40.12,27.512,2048,128,127,221316492,2026-09-09T20:06:17-0400,2026-09-09T20:07:08-0400,51,49,90.2,85.769,71.62,65.47,62.929,21.964,93.336,112.12,122.549,135.34,5350.02,5780.286,5565.2,0.951,90118175430.531,58.84,26.21,20.715,20:05:39/20:15:39,600,20.706,20:05:39/20:15:39,600,69.485,plateau,707,-0.2957,max,0,6289c5162739,DeepSeek-V4-Flash-IQ2XXS-w2Q2K-AProjQ8-SExpQ8-OutQ8-chat-v2-imatrix-0731.gguf,2026-09-09T19:46:50-0400
2,1,max,2,16384,597.11,39.98,40.04,26.851,2048,128,127,0,2026-09-09T20:06:17-0400,2026-09-09T20:07:08-0400,51,49,90.2,85.769,71.62,65.47,62.929,21.964,93.336,112.12,122.549,135.34,5350.02,5780.286,5565.2,0.951,90118175430.531,58.84,26.21,20.715,20:05:39/20:15:39,600,20.706,20:05:39/20:15:39,600,69.485,plateau,707,-0.2957,max,0,6289c5162739,DeepSeek-V4-Flash-IQ2XXS-w2Q2K-AProjQ8-SExpQ8-OutQ8-chat-v2-imatrix-0731.gguf,2026-09-09T19:46:50-0400
2,1,max,3,2048,769.14,44.75,44.84,25.558,2048,128,127,52184460,2026-09-09T20:07:08-0400,2026-09-09T20:08:00-0400,52,49,94.09,88.322,79.95,68.02,66.476,22.456,93.51,118.76,122.476,134.76,5350.327,5777.224,5563.8,0.993,91808596971.102,61.88,26.21,20.706,20:05:39/20:15:39,600,20.696,20:05:39/20:15:39,600,73.384,plateau,707,-0.2957,max,0,6289c5162739,DeepSeek-V4-Flash-IQ2XXS-w2Q2K-AProjQ8-SExpQ8-OutQ8-chat-v2-imatrix-0731.gguf,2026-09-09T19:46:50-0400
2,1,max,3,4096,641.25,41.00,41.06,26.494,2048,128,127,80373132,2026-09-09T20:07:08-0400,2026-09-09T20:08:00-0400,52,49,94.09,88.322,79.95,68.02,66.476,22.456,93.51,118.76,122.476,134.76,5350.327,5777.224,5563.8,0.993,91808596971.102,61.88,26.21,20.706,20:05:39/20:15:39,600,20.696,20:05:39/20:15:39,600,73.384,plateau,707,-0.2957,max,0,6289c5162739,DeepSeek-V4-Flash-IQ2XXS-w2Q2K-AProjQ8-SExpQ8-OutQ8-chat-v2-imatrix-0731.gguf,2026-09-09T19:46:50-0400
2,1,max,3,6144,635.26,40.82,40.88,27.331,2048,128,127,108561804,2026-09-09T20:07:08-0400,2026-09-09T20:08:00-0400,52,49,94.09,88.322,79.95,68.02,66.476,22.456,93.51,118.76,122.476,134.76,5350.327,5777.224,5563.8,0.993,91808596971.102,61.88,26.21,20.706,20:05:39/20:15:39,600,20.696,20:05:39/20:15:39,600,73.384,plateau,707,-0.2957,max,0,6289c5162739,DeepSeek-V4-Flash-IQ2XXS-w2Q2K-AProjQ8-SExpQ8-OutQ8-chat-v2-imatrix-0731.gguf,2026-09-09T19:46:50-0400
2,1,max,3,8192,627.06,40.83,40.91,28.061,2048,128,127,136750476,2026-09-09T20:07:08-0400,2026-09-09T20:08:00-0400,52,49,94.09,88.322,79.95,68.02,66.476,22.456,93.51,118.76,122.476,134.76,5350.327,5777.224,5563.8,0.993,91808596971.102,61.88,26.21,20.706,20:05:39/20:15:39,600,20.696,20:05:39/20:15:39,600,73.384,plateau,707,-0.2957,max,0,6289c5162739,DeepSeek-V4-Flash-IQ2XXS-w2Q2K-AProjQ8-SExpQ8-OutQ8-chat-v2-imatrix-0731.gguf,2026-09-09T19:46:50-0400
2,1,max,3,10240,621.26,40.21,40.28,28.015,2048,128,127,164939148,2026-09-09T20:07:08-0400,2026-09-09T20:08:00-0400,52,49,94.09,88.322,79.95,68.02,66.476,22.456,93.51,118.76,122.476,134.76,5350.327,5777.224,5563.8,0.993,91808596971.102,61.88,26.21,20.706,20:05:39/20:15:39,600,20.696,20:05:39/20:15:39,600,73.384,plateau,707,-0.2957,max,0,6289c5162739,DeepSeek-V4-Flash-IQ2XXS-w2Q2K-AProjQ8-SExpQ8-OutQ8-chat-v2-imatrix-0731.gguf,2026-09-09T19:46:50-0400
2,1,max,3,12288,612.75,40.44,40.51,28.034,2048,128,127,193127820,2026-09-09T20:07:08-0400,2026-09-09T20:08:00-0400,52,49,94.09,88.322,79.95,68.02,66.476,22.456,93.51,118.76,122.476,134.76,5350.327,5777.224,5563.8,0.993,91808596971.102,61.88,26.21,20.706,20:05:39/20:15:39,600,20.696,20:05:39/20:15:39,600,73.384,plateau,707,-0.2957,max,0,6289c5162739,DeepSeek-V4-Flash-IQ2XXS-w2Q2K-AProjQ8-SExpQ8-OutQ8-chat-v2-imatrix-0731.gguf,2026-09-09T19:46:50-0400
2,1,max,3,14336,611.33,39.89,39.94,26.946,2048,128,127,221316492,2026-09-09T20:07:08-0400,2026-09-09T20:08:00-0400,52,49,94.09,88.322,79.95,68.02,66.476,22.456,93.51,118.76,122.476,134.76,5350.327,5777.224,5563.8,0.993,91808596971.102,61.88,26.21,20.706,20:05:39/20:15:39,600,20.696,20:05:39/20:15:39,600,73.384,plateau,707,-0.2957,max,0,6289c5162739,DeepSeek-V4-Flash-IQ2XXS-w2Q2K-AProjQ8-SExpQ8-OutQ8-chat-v2-imatrix-0731.gguf,2026-09-09T19:46:50-0400
2,1,max,3,16384,604.74,39.92,39.97,27.015,2048,128,127,0,2026-09-09T20:07:08-0400,2026-09-09T20:08:00-0400,52,49,94.09,88.322,79.95,68.02,66.476,22.456,93.51,118.76,122.476,134.76,5350.327,5777.224,5563.8,0.993,91808596971.102,61.88,26.21,20.706,20:05:39/20:15:39,600,20.696,20:05:39/20:15:39,600,73.384,plateau,707,-0.2957,max,0,6289c5162739,DeepSeek-V4-Flash-IQ2XXS-w2Q2K-AProjQ8-SExpQ8-OutQ8-chat-v2-imatrix-0731.gguf,2026-09-09T19:46:50-0400
3,2,auto,1,2048,806.94,45.79,45.87,24.546,2048,128,127,52184460,2026-09-09T20:16:23-0400,2026-09-09T20:17:13-0400,50,48,97.05,78.316,28.14,81.05,63.617,21.409,98.621,143.77,120.61,134.79,590.021,636.521,613.3,0.811,92013400405.333,58.84,27.01,20.605,20:15:39/20:28:39,779,20.598,20:15:39/20:28:39,779,76.445,plateau,502,-0.2379,max,0,6289c5162739,DeepSeek-V4-Flash-IQ2XXS-w2Q2K-AProjQ8-SExpQ8-OutQ8-chat-v2-imatrix-0731.gguf,2026-09-09T19:46:50-0400
3,2,auto,1,4096,718.28,42.41,42.48,25.755,2048,128,127,80373132,2026-09-09T20:16:23-0400,2026-09-09T20:17:13-0400,50,48,97.05,78.316,28.14,81.05,63.617,21.409,98.621,143.77,120.61,134.79,590.021,636.521,613.3,0.811,92013400405.333,58.84,27.01,20.605,20:15:39/20:28:39,779,20.598,20:15:39/20:28:39,779,76.445,plateau,502,-0.2379,max,0,6289c5162739,DeepSeek-V4-Flash-IQ2XXS-w2Q2K-AProjQ8-SExpQ8-OutQ8-chat-v2-imatrix-0731.gguf,2026-09-09T19:46:50-0400
3,2,auto,1,6144,687.02,41.68,41.74,26.224,2048,128,127,108561804,2026-09-09T20:16:23-0400,2026-09-09T20:17:13-0400,50,48,97.05,78.316,28.14,81.05,63.617,21.409,98.621,143.77,120.61,134.79,590.021,636.521,613.3,0.811,92013400405.333,58.84,27.01,20.605,20:15:39/20:28:39,779,20.598,20:15:39/20:28:39,779,76.445,plateau,502,-0.2379,max,0,6289c5162739,DeepSeek-V4-Flash-IQ2XXS-w2Q2K-AProjQ8-SExpQ8-OutQ8-chat-v2-imatrix-0731.gguf,2026-09-09T19:46:50-0400
3,2,auto,1,8192,674.92,41.79,41.86,26.576,2048,128,127,136750476,2026-09-09T20:16:23-0400,2026-09-09T20:17:13-0400,50,48,97.05,78.316,28.14,81.05,63.617,21.409,98.621,143.77,120.61,134.79,590.021,636.521,613.3,0.811,92013400405.333,58.84,27.01,20.605,20:15:39/20:28:39,779,20.598,20:15:39/20:28:39,779,76.445,plateau,502,-0.2379,max,0,6289c5162739,DeepSeek-V4-Flash-IQ2XXS-w2Q2K-AProjQ8-SExpQ8-OutQ8-chat-v2-imatrix-0731.gguf,2026-09-09T19:46:50-0400
3,2,auto,1,10240,644.51,41.38,41.46,27.895,2048,128,127,164939148,2026-09-09T20:16:23-0400,2026-09-09T20:17:13-0400,50,48,97.05,78.316,28.14,81.05,63.617,21.409,98.621,143.77,120.61,134.79,590.021,636.521,613.3,0.811,92013400405.333,58.84,27.01,20.605,20:15:39/20:28:39,779,20.598,20:15:39/20:28:39,779,76.445,plateau,502,-0.2379,max,0,6289c5162739,DeepSeek-V4-Flash-IQ2XXS-w2Q2K-AProjQ8-SExpQ8-OutQ8-chat-v2-imatrix-0731.gguf,2026-09-09T19:46:50-0400
3,2,auto,1,12288,622.63,41.05,41.16,29.592,2048,128,127,193127820,2026-09-09T20:16:23-0400,2026-09-09T20:17:13-0400,50,48,97.05,78.316,28.14,81.05,63.617,21.409,98.621,143.77,120.61,134.79,590.021,636.521,613.3,0.811,92013400405.333,58.84,27.01,20.605,20:15:39/20:28:39,779,20.598,20:15:39/20:28:39,779,76.445,plateau,502,-0.2379,max,0,6289c5162739,DeepSeek-V4-Flash-IQ2XXS-w2Q2K-AProjQ8-SExpQ8-OutQ8-chat-v2-imatrix-0731.gguf,2026-09-09T19:46:50-0400
3,2,auto,1,14336,608.67,40.18,40.25,27.827,2048,128,127,221316492,2026-09-09T20:16:23-0400,2026-09-09T20:17:13-0400,50,48,97.05,78.316,28.14,81.05,63.617,21.409,98.621,143.77,120.61,134.79,590.021,636.521,613.3,0.811,92013400405.333,58.84,27.01,20.605,20:15:39/20:28:39,779,20.598,20:15:39/20:28:39,779,76.445,plateau,502,-0.2379,max,0,6289c5162739,DeepSeek-V4-Flash-IQ2XXS-w2Q2K-AProjQ8-SExpQ8-OutQ8-chat-v2-imatrix-0731.gguf,2026-09-09T19:46:50-0400
3,2,auto,1,16384,602.66,39.57,39.66,29.899,2048,128,127,0,2026-09-09T20:16:23-0400,2026-09-09T20:17:13-0400,50,48,97.05,78.316,28.14,81.05,63.617,21.409,98.621,143.77,120.61,134.79,590.021,636.521,613.3,0.811,92013400405.333,58.84,27.01,20.605,20:15:39/20:28:39,779,20.598,20:15:39/20:28:39,779,76.445,plateau,502,-0.2379,max,0,6289c5162739,DeepSeek-V4-Flash-IQ2XXS-w2Q2K-AProjQ8-SExpQ8-OutQ8-chat-v2-imatrix-0731.gguf,2026-09-09T19:46:50-0400
3,2,auto,2,2048,754.14,45.57,45.66,24.576,2048,128,127,52184460,2026-09-09T20:17:13-0400,2026-09-09T20:18:05-0400,52,49,99.39,93.372,89.58,83.44,78.599,21.775,92.852,107.86,120.603,135.33,2657.408,2869.224,2763.3,0.686,91913344564.245,70.03,27.01,20.598,20:15:39/20:28:39,779,20.59,20:15:39/20:28:39,779,78.792,plateau,502,-0.2379,max,0,6289c5162739,DeepSeek-V4-Flash-IQ2XXS-w2Q2K-AProjQ8-SExpQ8-OutQ8-chat-v2-imatrix-0731.gguf,2026-09-09T19:46:50-0400
3,2,auto,2,4096,654.29,40.13,40.20,27.575,2048,128,127,80373132,2026-09-09T20:17:13-0400,2026-09-09T20:18:05-0400,52,49,99.39,93.372,89.58,83.44,78.599,21.775,92.852,107.86,120.603,135.33,2657.408,2869.224,2763.3,0.686,91913344564.245,70.03,27.01,20.598,20:15:39/20:28:39,779,20.59,20:15:39/20:28:39,779,78.792,plateau,502,-0.2379,max,0,6289c5162739,DeepSeek-V4-Flash-IQ2XXS-w2Q2K-AProjQ8-SExpQ8-OutQ8-chat-v2-imatrix-0731.gguf,2026-09-09T19:46:50-0400
3,2,auto,2,6144,641.89,39.81,39.91,29.707,2048,128,127,108561804,2026-09-09T20:17:13-0400,2026-09-09T20:18:05-0400,52,49,99.39,93.372,89.58,83.44,78.599,21.775,92.852,107.86,120.603,135.33,2657.408,2869.224,2763.3,0.686,91913344564.245,70.03,27.01,20.598,20:15:39/20:28:39,779,20.59,20:15:39/20:28:39,779,78.792,plateau,502,-0.2379,max,0,6289c5162739,DeepSeek-V4-Flash-IQ2XXS-w2Q2K-AProjQ8-SExpQ8-OutQ8-chat-v2-imatrix-0731.gguf,2026-09-09T19:46:50-0400
3,2,auto,2,8192,629.10,40.35,40.43,28.151,2048,128,127,136750476,2026-09-09T20:17:13-0400,2026-09-09T20:18:05-0400,52,49,99.39,93.372,89.58,83.44,78.599,21.775,92.852,107.86,120.603,135.33,2657.408,2869.224,2763.3,0.686,91913344564.245,70.03,27.01,20.598,20:15:39/20:28:39,779,20.59,20:15:39/20:28:39,779,78.792,plateau,502,-0.2379,max,0,6289c5162739,DeepSeek-V4-Flash-IQ2XXS-w2Q2K-AProjQ8-SExpQ8-OutQ8-chat-v2-imatrix-0731.gguf,2026-09-09T19:46:50-0400
3,2,auto,2,10240,624.00,39.81,39.90,29.990,2048,128,127,164939148,2026-09-09T20:17:13-0400,2026-09-09T20:18:05-0400,52,49,99.39,93.372,89.58,83.44,78.599,21.775,92.852,107.86,120.603,135.33,2657.408,2869.224,2763.3,0.686,91913344564.245,70.03,27.01,20.598,20:15:39/20:28:39,779,20.59,20:15:39/20:28:39,779,78.792,plateau,502,-0.2379,max,0,6289c5162739,DeepSeek-V4-Flash-IQ2XXS-w2Q2K-AProjQ8-SExpQ8-OutQ8-chat-v2-imatrix-0731.gguf,2026-09-09T19:46:50-0400
3,2,auto,2,12288,613.46,39.79,39.87,28.683,2048,128,127,193127820,2026-09-09T20:17:13-0400,2026-09-09T20:18:05-0400,52,49,99.39,93.372,89.58,83.44,78.599,21.775,92.852,107.86,120.603,135.33,2657.408,2869.224,2763.3,0.686,91913344564.245,70.03,27.01,20.598,20:15:39/20:28:39,779,20.59,20:15:39/20:28:39,779,78.792,plateau,502,-0.2379,max,0,6289c5162739,DeepSeek-V4-Flash-IQ2XXS-w2Q2K-AProjQ8-SExpQ8-OutQ8-chat-v2-imatrix-0731.gguf,2026-09-09T19:46:50-0400
3,2,auto,2,14336,600.20,39.63,39.71,28.960,2048,128,127,221316492,2026-09-09T20:17:13-0400,2026-09-09T20:18:05-0400,52,49,99.39,93.372,89.58,83.44,78.599,21.775,92.852,107.86,120.603,135.33,2657.408,2869.224,2763.3,0.686,91913344564.245,70.03,27.01,20.598,20:15:39/20:28:39,779,20.59,20:15:39/20:28:39,779,78.792,plateau,502,-0.2379,max,0,6289c5162739,DeepSeek-V4-Flash-IQ2XXS-w2Q2K-AProjQ8-SExpQ8-OutQ8-chat-v2-imatrix-0731.gguf,2026-09-09T19:46:50-0400
3,2,auto,2,16384,596.51,39.69,39.77,28.784,2048,128,127,0,2026-09-09T20:17:13-0400,2026-09-09T20:18:05-0400,52,49,99.39,93.372,89.58,83.44,78.599,21.775,92.852,107.86,120.603,135.33,2657.408,2869.224,2763.3,0.686,91913344564.245,70.03,27.01,20.598,20:15:39/20:28:39,779,20.59,20:15:39/20:28:39,779,78.792,plateau,502,-0.2379,max,0,6289c5162739,DeepSeek-V4-Flash-IQ2XXS-w2Q2K-AProjQ8-SExpQ8-OutQ8-chat-v2-imatrix-0731.gguf,2026-09-09T19:46:50-0400
3,2,auto,3,2048,769.64,43.94,44.05,27.014,2048,128,127,52184460,2026-09-09T20:18:05-0400,2026-09-09T20:18:57-0400,52,49,98.02,93.507,88.75,81.02,78.791,22.592,92.078,117.44,119.806,133.43,2973.735,3210.143,3091.9,0.588,90328280502.857,73.55,27.01,20.59,20:15:39/20:28:39,779,20.583,20:15:39/20:28:39,779,77.43,plateau,502,-0.2379,max,0,6289c5162739,DeepSeek-V4-Flash-IQ2XXS-w2Q2K-AProjQ8-SExpQ8-OutQ8-chat-v2-imatrix-0731.gguf,2026-09-09T19:46:50-0400
3,2,auto,3,4096,640.16,40.44,40.53,28.671,2048,128,127,80373132,2026-09-09T20:18:05-0400,2026-09-09T20:18:57-0400,52,49,98.02,93.507,88.75,81.02,78.791,22.592,92.078,117.44,119.806,133.43,2973.735,3210.143,3091.9,0.588,90328280502.857,73.55,27.01,20.59,20:15:39/20:28:39,779,20.583,20:15:39/20:28:39,779,77.43,plateau,502,-0.2379,max,0,6289c5162739,DeepSeek-V4-Flash-IQ2XXS-w2Q2K-AProjQ8-SExpQ8-OutQ8-chat-v2-imatrix-0731.gguf,2026-09-09T19:46:50-0400
3,2,auto,3,6144,633.82,40.23,40.31,28.271,2048,128,127,108561804,2026-09-09T20:18:05-0400,2026-09-09T20:18:57-0400,52,49,98.02,93.507,88.75,81.02,78.791,22.592,92.078,117.44,119.806,133.43,2973.735,3210.143,3091.9,0.588,90328280502.857,73.55,27.01,20.59,20:15:39/20:28:39,779,20.583,20:15:39/20:28:39,779,77.43,plateau,502,-0.2379,max,0,6289c5162739,DeepSeek-V4-Flash-IQ2XXS-w2Q2K-AProjQ8-SExpQ8-OutQ8-chat-v2-imatrix-0731.gguf,2026-09-09T19:46:50-0400
3,2,auto,3,8192,635.16,39.92,40.01,29.804,2048,128,127,136750476,2026-09-09T20:18:05-0400,2026-09-09T20:18:57-0400,52,49,98.02,93.507,88.75,81.02,78.791,22.592,92.078,117.44,119.806,133.43,2973.735,3210.143,3091.9,0.588,90328280502.857,73.55,27.01,20.59,20:15:39/20:28:39,779,20.583,20:15:39/20:28:39,779,77.43,plateau,502,-0.2379,max,0,6289c5162739,DeepSeek-V4-Flash-IQ2XXS-w2Q2K-AProjQ8-SExpQ8-OutQ8-chat-v2-imatrix-0731.gguf,2026-09-09T19:46:50-0400
3,2,auto,3,10240,617.04,39.73,39.82,29.644,2048,128,127,164939148,2026-09-09T20:18:05-0400,2026-09-09T20:18:57-0400,52,49,98.02,93.507,88.75,81.02,78.791,22.592,92.078,117.44,119.806,133.43,2973.735,3210.143,3091.9,0.588,90328280502.857,73.55,27.01,20.59,20:15:39/20:28:39,779,20.583,20:15:39/20:28:39,779,77.43,plateau,502,-0.2379,max,0,6289c5162739,DeepSeek-V4-Flash-IQ2XXS-w2Q2K-AProjQ8-SExpQ8-OutQ8-chat-v2-imatrix-0731.gguf,2026-09-09T19:46:50-0400
3,2,auto,3,12288,610.75,39.78,39.87,29.570,2048,128,127,193127820,2026-09-09T20:18:05-0400,2026-09-09T20:18:57-0400,52,49,98.02,93.507,88.75,81.02,78.791,22.592,92.078,117.44,119.806,133.43,2973.735,3210.143,3091.9,0.588,90328280502.857,73.55,27.01,20.59,20:15:39/20:28:39,779,20.583,20:15:39/20:28:39,779,77.43,plateau,502,-0.2379,max,0,6289c5162739,DeepSeek-V4-Flash-IQ2XXS-w2Q2K-AProjQ8-SExpQ8-OutQ8-chat-v2-imatrix-0731.gguf,2026-09-09T19:46:50-0400
3,2,auto,3,14336,603.95,39.74,39.82,29.360,2048,128,127,221316492,2026-09-09T20:18:05-0400,2026-09-09T20:18:57-0400,52,49,98.02,93.507,88.75,81.02,78.791,22.592,92.078,117.44,119.806,133.43,2973.735,3210.143,3091.9,0.588,90328280502.857,73.55,27.01,20.59,20:15:39/20:28:39,779,20.583,20:15:39/20:28:39,779,77.43,plateau,502,-0.2379,max,0,6289c5162739,DeepSeek-V4-Flash-IQ2XXS-w2Q2K-AProjQ8-SExpQ8-OutQ8-chat-v2-imatrix-0731.gguf,2026-09-09T19:46:50-0400
3,2,auto,3,16384,605.48,39.03,39.12,30.494,2048,128,127,0,2026-09-09T20:18:05-0400,2026-09-09T20:18:57-0400,52,49,98.02,93.507,88.75,81.02,78.791,22.592,92.078,117.44,119.806,133.43,2973.735,3210.143,3091.9,0.588,90328280502.857,73.55,27.01,20.59,20:15:39/20:28:39,779,20.583,20:15:39/20:28:39,779,77.43,plateau,502,-0.2379,max,0,6289c5162739,DeepSeek-V4-Flash-IQ2XXS-w2Q2K-AProjQ8-SExpQ8-OutQ8-chat-v2-imatrix-0731.gguf,2026-09-09T19:46:50-0400
4,2,max,1,2048,811.51,45.62,45.70,23.821,2048,128,127,52184460,2026-09-09T20:27:11-0400,2026-09-09T20:28:01-0400,50,47,83.52,72.719,26.66,57.47,50.084,21.609,98.115,136.58,121.705,134.43,5351.468,5776.915,5564.2,0.63,91861789935.66,50.12,25.97,20.513,20:15:39/20:28:39,779,20.506,20:15:39/20:28:39,779,63.007,plateau,492,-0.2906,max,0,6289c5162739,DeepSeek-V4-Flash-IQ2XXS-w2Q2K-AProjQ8-SExpQ8-OutQ8-chat-v2-imatrix-0731.gguf,2026-09-09T19:46:50-0400
4,2,max,1,4096,722.71,42.24,42.32,26.302,2048,128,127,80373132,2026-09-09T20:27:11-0400,2026-09-09T20:28:01-0400,50,47,83.52,72.719,26.66,57.47,50.084,21.609,98.115,136.58,121.705,134.43,5351.468,5776.915,5564.2,0.63,91861789935.66,50.12,25.97,20.513,20:15:39/20:28:39,779,20.506,20:15:39/20:28:39,779,63.007,plateau,492,-0.2906,max,0,6289c5162739,DeepSeek-V4-Flash-IQ2XXS-w2Q2K-AProjQ8-SExpQ8-OutQ8-chat-v2-imatrix-0731.gguf,2026-09-09T19:46:50-0400
4,2,max,1,6144,700.10,41.92,42.01,27.139,2048,128,127,108561804,2026-09-09T20:27:11-0400,2026-09-09T20:28:01-0400,50,47,83.52,72.719,26.66,57.47,50.084,21.609,98.115,136.58,121.705,134.43,5351.468,5776.915,5564.2,0.63,91861789935.66,50.12,25.97,20.513,20:15:39/20:28:39,779,20.506,20:15:39/20:28:39,779,63.007,plateau,492,-0.2906,max,0,6289c5162739,DeepSeek-V4-Flash-IQ2XXS-w2Q2K-AProjQ8-SExpQ8-OutQ8-chat-v2-imatrix-0731.gguf,2026-09-09T19:46:50-0400
4,2,max,1,8192,668.88,41.85,41.96,27.943,2048,128,127,136750476,2026-09-09T20:27:11-0400,2026-09-09T20:28:01-0400,50,47,83.52,72.719,26.66,57.47,50.084,21.609,98.115,136.58,121.705,134.43,5351.468,5776.915,5564.2,0.63,91861789935.66,50.12,25.97,20.513,20:15:39/20:28:39,779,20.506,20:15:39/20:28:39,779,63.007,plateau,492,-0.2906,max,0,6289c5162739,DeepSeek-V4-Flash-IQ2XXS-w2Q2K-AProjQ8-SExpQ8-OutQ8-chat-v2-imatrix-0731.gguf,2026-09-09T19:46:50-0400
4,2,max,1,10240,652.91,41.34,41.46,30.000,2048,128,127,164939148,2026-09-09T20:27:11-0400,2026-09-09T20:28:01-0400,50,47,83.52,72.719,26.66,57.47,50.084,21.609,98.115,136.58,121.705,134.43,5351.468,5776.915,5564.2,0.63,91861789935.66,50.12,25.97,20.513,20:15:39/20:28:39,779,20.506,20:15:39/20:28:39,779,63.007,plateau,492,-0.2906,max,0,6289c5162739,DeepSeek-V4-Flash-IQ2XXS-w2Q2K-AProjQ8-SExpQ8-OutQ8-chat-v2-imatrix-0731.gguf,2026-09-09T19:46:50-0400
4,2,max,1,12288,636.24,41.18,41.26,26.672,2048,128,127,193127820,2026-09-09T20:27:11-0400,2026-09-09T20:28:01-0400,50,47,83.52,72.719,26.66,57.47,50.084,21.609,98.115,136.58,121.705,134.43,5351.468,5776.915,5564.2,0.63,91861789935.66,50.12,25.97,20.513,20:15:39/20:28:39,779,20.506,20:15:39/20:28:39,779,63.007,plateau,492,-0.2906,max,0,6289c5162739,DeepSeek-V4-Flash-IQ2XXS-w2Q2K-AProjQ8-SExpQ8-OutQ8-chat-v2-imatrix-0731.gguf,2026-09-09T19:46:50-0400
4,2,max,1,14336,626.74,40.69,40.78,28.392,2048,128,127,221316492,2026-09-09T20:27:11-0400,2026-09-09T20:28:01-0400,50,47,83.52,72.719,26.66,57.47,50.084,21.609,98.115,136.58,121.705,134.43,5351.468,5776.915,5564.2,0.63,91861789935.66,50.12,25.97,20.513,20:15:39/20:28:39,779,20.506,20:15:39/20:28:39,779,63.007,plateau,492,-0.2906,max,0,6289c5162739,DeepSeek-V4-Flash-IQ2XXS-w2Q2K-AProjQ8-SExpQ8-OutQ8-chat-v2-imatrix-0731.gguf,2026-09-09T19:46:50-0400
4,2,max,1,16384,619.75,40.37,40.47,28.658,2048,128,127,0,2026-09-09T20:27:11-0400,2026-09-09T20:28:01-0400,50,47,83.52,72.719,26.66,57.47,50.084,21.609,98.115,136.58,121.705,134.43,5351.468,5776.915,5564.2,0.63,91861789935.66,50.12,25.97,20.513,20:15:39/20:28:39,779,20.506,20:15:39/20:28:39,779,63.007,plateau,492,-0.2906,max,0,6289c5162739,DeepSeek-V4-Flash-IQ2XXS-w2Q2K-AProjQ8-SExpQ8-OutQ8-chat-v2-imatrix-0731.gguf,2026-09-09T19:46:50-0400
4,2,max,2,2048,783.25,45.27,45.38,25.342,2048,128,127,52184460,2026-09-09T20:28:01-0400,2026-09-09T20:28:52-0400,51,48,90.44,85.367,69.98,62.41,60.789,21.808,94.365,122.84,121.488,135.11,5351.042,5779.271,5565.2,0.528,91871944704.0,57.8,25.97,20.506,20:15:39/20:28:39,779,20.502,20:28:39/20:41:39,780,69.934,plateau,492,-0.2906,max,0,6289c5162739,DeepSeek-V4-Flash-IQ2XXS-w2Q2K-AProjQ8-SExpQ8-OutQ8-chat-v2-imatrix-0731.gguf,2026-09-09T19:46:50-0400
4,2,max,2,4096,677.91,41.46,41.57,28.277,2048,128,127,80373132,2026-09-09T20:28:01-0400,2026-09-09T20:28:52-0400,51,48,90.44,85.367,69.98,62.41,60.789,21.808,94.365,122.84,121.488,135.11,5351.042,5779.271,5565.2,0.528,91871944704.0,57.8,25.97,20.506,20:15:39/20:28:39,779,20.502,20:28:39/20:41:39,780,69.934,plateau,492,-0.2906,max,0,6289c5162739,DeepSeek-V4-Flash-IQ2XXS-w2Q2K-AProjQ8-SExpQ8-OutQ8-chat-v2-imatrix-0731.gguf,2026-09-09T19:46:50-0400
4,2,max,2,6144,651.23,40.68,40.77,28.353,2048,128,127,108561804,2026-09-09T20:28:01-0400,2026-09-09T20:28:52-0400,51,48,90.44,85.367,69.98,62.41,60.789,21.808,94.365,122.84,121.488,135.11,5351.042,5779.271,5565.2,0.528,91871944704.0,57.8,25.97,20.506,20:15:39/20:28:39,779,20.502,20:28:39/20:41:39,780,69.934,plateau,492,-0.2906,max,0,6289c5162739,DeepSeek-V4-Flash-IQ2XXS-w2Q2K-AProjQ8-SExpQ8-OutQ8-chat-v2-imatrix-0731.gguf,2026-09-09T19:46:50-0400
4,2,max,2,8192,649.73,40.12,40.21,28.362,2048,128,127,136750476,2026-09-09T20:28:01-0400,2026-09-09T20:28:52-0400,51,48,90.44,85.367,69.98,62.41,60.789,21.808,94.365,122.84,121.488,135.11,5351.042,5779.271,5565.2,0.528,91871944704.0,57.8,25.97,20.506,20:15:39/20:28:39,779,20.502,20:28:39/20:41:39,780,69.934,plateau,492,-0.2906,max,0,6289c5162739,DeepSeek-V4-Flash-IQ2XXS-w2Q2K-AProjQ8-SExpQ8-OutQ8-chat-v2-imatrix-0731.gguf,2026-09-09T19:46:50-0400
4,2,max,2,10240,627.58,40.24,40.32,27.814,2048,128,127,164939148,2026-09-09T20:28:01-0400,2026-09-09T20:28:52-0400,51,48,90.44,85.367,69.98,62.41,60.789,21.808,94.365,122.84,121.488,135.11,5351.042,5779.271,5565.2,0.528,91871944704.0,57.8,25.97,20.506,20:15:39/20:28:39,779,20.502,20:28:39/20:41:39,780,69.934,plateau,492,-0.2906,max,0,6289c5162739,DeepSeek-V4-Flash-IQ2XXS-w2Q2K-AProjQ8-SExpQ8-OutQ8-chat-v2-imatrix-0731.gguf,2026-09-09T19:46:50-0400
4,2,max,2,12288,620.22,40.50,40.59,28.515,2048,128,127,193127820,2026-09-09T20:28:01-0400,2026-09-09T20:28:52-0400,51,48,90.44,85.367,69.98,62.41,60.789,21.808,94.365,122.84,121.488,135.11,5351.042,5779.271,5565.2,0.528,91871944704.0,57.8,25.97,20.506,20:15:39/20:28:39,779,20.502,20:28:39/20:41:39,780,69.934,plateau,492,-0.2906,max,0,6289c5162739,DeepSeek-V4-Flash-IQ2XXS-w2Q2K-AProjQ8-SExpQ8-OutQ8-chat-v2-imatrix-0731.gguf,2026-09-09T19:46:50-0400
4,2,max,2,14336,618.60,39.68,39.79,30.085,2048,128,127,221316492,2026-09-09T20:28:01-0400,2026-09-09T20:28:52-0400,51,48,90.44,85.367,69.98,62.41,60.789,21.808,94.365,122.84,121.488,135.11,5351.042,5779.271,5565.2,0.528,91871944704.0,57.8,25.97,20.506,20:15:39/20:28:39,779,20.502,20:28:39/20:41:39,780,69.934,plateau,492,-0.2906,max,0,6289c5162739,DeepSeek-V4-Flash-IQ2XXS-w2Q2K-AProjQ8-SExpQ8-OutQ8-chat-v2-imatrix-0731.gguf,2026-09-09T19:46:50-0400
4,2,max,2,16384,613.11,39.29,39.39,29.640,2048,128,127,0,2026-09-09T20:28:01-0400,2026-09-09T20:28:52-0400,51,48,90.44,85.367,69.98,62.41,60.789,21.808,94.365,122.84,121.488,135.11,5351.042,5779.271,5565.2,0.528,91871944704.0,57.8,25.97,20.506,20:15:39/20:28:39,779,20.502,20:28:39/20:41:39,780,69.934,plateau,492,-0.2906,max,0,6289c5162739,DeepSeek-V4-Flash-IQ2XXS-w2Q2K-AProjQ8-SExpQ8-OutQ8-chat-v2-imatrix-0731.gguf,2026-09-09T19:46:50-0400
4,2,max,3,2048,777.71,45.31,45.42,25.217,2048,128,127,52184460,2026-09-09T20:28:52-0400,2026-09-09T20:29:43-0400,51,49,91.14,87.518,77.33,65.14,63.769,22.274,93.696,123.64,121.462,135.28,5349.388,5779.367,5564.4,0.552,91806021673.796,61.0,25.97,20.502,20:28:39/20:41:39,780,20.509,20:28:39/20:41:39,780,70.638,plateau,492,-0.2906,max,0,6289c5162739,DeepSeek-V4-Flash-IQ2XXS-w2Q2K-AProjQ8-SExpQ8-OutQ8-chat-v2-imatrix-0731.gguf,2026-09-09T19:46:50-0400
4,2,max,3,4096,656.90,41.46,41.55,27.055,2048,128,127,80373132,2026-09-09T20:28:52-0400,2026-09-09T20:29:43-0400,51,49,91.14,87.518,77.33,65.14,63.769,22.274,93.696,123.64,121.462,135.28,5349.388,5779.367,5564.4,0.552,91806021673.796,61.0,25.97,20.502,20:28:39/20:41:39,780,20.509,20:28:39/20:41:39,780,70.638,plateau,492,-0.2906,max,0,6289c5162739,DeepSeek-V4-Flash-IQ2XXS-w2Q2K-AProjQ8-SExpQ8-OutQ8-chat-v2-imatrix-0731.gguf,2026-09-09T19:46:50-0400
4,2,max,3,6144,642.98,40.73,40.82,27.887,2048,128,127,108561804,2026-09-09T20:28:52-0400,2026-09-09T20:29:43-0400,51,49,91.14,87.518,77.33,65.14,63.769,22.274,93.696,123.64,121.462,135.28,5349.388,5779.367,5564.4,0.552,91806021673.796,61.0,25.97,20.502,20:28:39/20:41:39,780,20.509,20:28:39/20:41:39,780,70.638,plateau,492,-0.2906,max,0,6289c5162739,DeepSeek-V4-Flash-IQ2XXS-w2Q2K-AProjQ8-SExpQ8-OutQ8-chat-v2-imatrix-0731.gguf,2026-09-09T19:46:50-0400
4,2,max,3,8192,645.56,40.07,40.17,29.323,2048,128,127,136750476,2026-09-09T20:28:52-0400,2026-09-09T20:29:43-0400,51,49,91.14,87.518,77.33,65.14,63.769,22.274,93.696,123.64,121.462,135.28,5349.388,5779.367,5564.4,0.552,91806021673.796,61.0,25.97,20.502,20:28:39/20:41:39,780,20.509,20:28:39/20:41:39,780,70.638,plateau,492,-0.2906,max,0,6289c5162739,DeepSeek-V4-Flash-IQ2XXS-w2Q2K-AProjQ8-SExpQ8-OutQ8-chat-v2-imatrix-0731.gguf,2026-09-09T19:46:50-0400
4,2,max,3,10240,626.00,40.20,40.30,28.937,2048,128,127,164939148,2026-09-09T20:28:52-0400,2026-09-09T20:29:43-0400,51,49,91.14,87.518,77.33,65.14,63.769,22.274,93.696,123.64,121.462,135.28,5349.388,5779.367,5564.4,0.552,91806021673.796,61.0,25.97,20.502,20:28:39/20:41:39,780,20.509,20:28:39/20:41:39,780,70.638,plateau,492,-0.2906,max,0,6289c5162739,DeepSeek-V4-Flash-IQ2XXS-w2Q2K-AProjQ8-SExpQ8-OutQ8-chat-v2-imatrix-0731.gguf,2026-09-09T19:46:50-0400
4,2,max,3,12288,621.89,40.06,40.17,30.127,2048,128,127,193127820,2026-09-09T20:28:52-0400,2026-09-09T20:29:43-0400,51,49,91.14,87.518,77.33,65.14,63.769,22.274,93.696,123.64,121.462,135.28,5349.388,5779.367,5564.4,0.552,91806021673.796,61.0,25.97,20.502,20:28:39/20:41:39,780,20.509,20:28:39/20:41:39,780,70.638,plateau,492,-0.2906,max,0,6289c5162739,DeepSeek-V4-Flash-IQ2XXS-w2Q2K-AProjQ8-SExpQ8-OutQ8-chat-v2-imatrix-0731.gguf,2026-09-09T19:46:50-0400
4,2,max,3,14336,614.95,39.74,39.83,28.984,2048,128,127,221316492,2026-09-09T20:28:52-0400,2026-09-09T20:29:43-0400,51,49,91.14,87.518,77.33,65.14,63.769,22.274,93.696,123.64,121.462,135.28,5349.388,5779.367,5564.4,0.552,91806021673.796,61.0,25.97,20.502,20:28:39/20:41:39,780,20.509,20:28:39/20:41:39,780,70.638,plateau,492,-0.2906,max,0,6289c5162739,DeepSeek-V4-Flash-IQ2XXS-w2Q2K-AProjQ8-SExpQ8-OutQ8-chat-v2-imatrix-0731.gguf,2026-09-09T19:46:50-0400
4,2,max,3,16384,609.86,39.59,39.69,30.044,2048,128,127,0,2026-09-09T20:28:52-0400,2026-09-09T20:29:43-0400,51,49,91.14,87.518,77.33,65.14,63.769,22.274,93.696,123.64,121.462,135.28,5349.388,5779.367,5564.4,0.552,91806021673.796,61.0,25.97,20.502,20:28:39/20:41:39,780,20.509,20:28:39/20:41:39,780,70.638,plateau,492,-0.2906,max,0,6289c5162739,DeepSeek-V4-Flash-IQ2XXS-w2Q2K-AProjQ8-SExpQ8-OutQ8-chat-v2-imatrix-0731.gguf,2026-09-09T19:46:50-0400
5,3,auto,1,2048,810.58,45.84,45.93,23.632,2048,128,127,52184460,2026-09-09T20:38:38-0400,2026-09-09T20:39:28-0400,50,47,96.97,76.464,25.03,80.36,60.727,21.316,97.498,133.46,119.311,132.88,614.298,664.085,639.2,0.574,90176335087.66,58.52,25.02,20.585,20:28:39/20:41:39,780,20.592,20:28:39/20:41:39,780,76.385,plateau,534,-0.2949,max,0,6289c5162739,DeepSeek-V4-Flash-IQ2XXS-w2Q2K-AProjQ8-SExpQ8-OutQ8-chat-v2-imatrix-0731.gguf,2026-09-09T19:46:50-0400
5,3,auto,1,4096,716.23,42.37,42.45,25.592,2048,128,127,80373132,2026-09-09T20:38:38-0400,2026-09-09T20:39:28-0400,50,47,96.97,76.464,25.03,80.36,60.727,21.316,97.498,133.46,119.311,132.88,614.298,664.085,639.2,0.574,90176335087.66,58.52,25.02,20.585,20:28:39/20:41:39,780,20.592,20:28:39/20:41:39,780,76.385,plateau,534,-0.2949,max,0,6289c5162739,DeepSeek-V4-Flash-IQ2XXS-w2Q2K-AProjQ8-SExpQ8-OutQ8-chat-v2-imatrix-0731.gguf,2026-09-09T19:46:50-0400
5,3,auto,1,6144,703.82,42.20,42.26,25.036,2048,128,127,108561804,2026-09-09T20:38:38-0400,2026-09-09T20:39:28-0400,50,47,96.97,76.464,25.03,80.36,60.727,21.316,97.498,133.46,119.311,132.88,614.298,664.085,639.2,0.574,90176335087.66,58.52,25.02,20.585,20:28:39/20:41:39,780,20.592,20:28:39/20:41:39,780,76.385,plateau,534,-0.2949,max,0,6289c5162739,DeepSeek-V4-Flash-IQ2XXS-w2Q2K-AProjQ8-SExpQ8-OutQ8-chat-v2-imatrix-0731.gguf,2026-09-09T19:46:50-0400
5,3,auto,1,8192,678.78,41.72,41.85,29.036,2048,128,127,136750476,2026-09-09T20:38:38-0400,2026-09-09T20:39:28-0400,50,47,96.97,76.464,25.03,80.36,60.727,21.316,97.498,133.46,119.311,132.88,614.298,664.085,639.2,0.574,90176335087.66,58.52,25.02,20.585,20:28:39/20:41:39,780,20.592,20:28:39/20:41:39,780,76.385,plateau,534,-0.2949,max,0,6289c5162739,DeepSeek-V4-Flash-IQ2XXS-w2Q2K-AProjQ8-SExpQ8-OutQ8-chat-v2-imatrix-0731.gguf,2026-09-09T19:46:50-0400
5,3,auto,1,10240,648.40,41.30,41.39,27.839,2048,128,127,164939148,2026-09-09T20:38:38-0400,2026-09-09T20:39:28-0400,50,47,96.97,76.464,25.03,80.36,60.727,21.316,97.498,133.46,119.311,132.88,614.298,664.085,639.2,0.574,90176335087.66,58.52,25.02,20.585,20:28:39/20:41:39,780,20.592,20:28:39/20:41:39,780,76.385,plateau,534,-0.2949,max,0,6289c5162739,DeepSeek-V4-Flash-IQ2XXS-w2Q2K-AProjQ8-SExpQ8-OutQ8-chat-v2-imatrix-0731.gguf,2026-09-09T19:46:50-0400
5,3,auto,1,12288,628.96,41.05,41.13,27.472,2048,128,127,193127820,2026-09-09T20:38:38-0400,2026-09-09T20:39:28-0400,50,47,96.97,76.464,25.03,80.36,60.727,21.316,97.498,133.46,119.311,132.88,614.298,664.085,639.2,0.574,90176335087.66,58.52,25.02,20.585,20:28:39/20:41:39,780,20.592,20:28:39/20:41:39,780,76.385,plateau,534,-0.2949,max,0,6289c5162739,DeepSeek-V4-Flash-IQ2XXS-w2Q2K-AProjQ8-SExpQ8-OutQ8-chat-v2-imatrix-0731.gguf,2026-09-09T19:46:50-0400
5,3,auto,1,14336,615.22,40.20,40.30,29.653,2048,128,127,221316492,2026-09-09T20:38:38-0400,2026-09-09T20:39:28-0400,50,47,96.97,76.464,25.03,80.36,60.727,21.316,97.498,133.46,119.311,132.88,614.298,664.085,639.2,0.574,90176335087.66,58.52,25.02,20.585,20:28:39/20:41:39,780,20.592,20:28:39/20:41:39,780,76.385,plateau,534,-0.2949,max,0,6289c5162739,DeepSeek-V4-Flash-IQ2XXS-w2Q2K-AProjQ8-SExpQ8-OutQ8-chat-v2-imatrix-0731.gguf,2026-09-09T19:46:50-0400
5,3,auto,1,16384,607.04,39.51,39.59,29.313,2048,128,127,0,2026-09-09T20:38:38-0400,2026-09-09T20:39:28-0400,50,47,96.97,76.464,25.03,80.36,60.727,21.316,97.498,133.46,119.311,132.88,614.298,664.085,639.2,0.574,90176335087.66,58.52,25.02,20.585,20:28:39/20:41:39,780,20.592,20:28:39/20:41:39,780,76.385,plateau,534,-0.2949,max,0,6289c5162739,DeepSeek-V4-Flash-IQ2XXS-w2Q2K-AProjQ8-SExpQ8-OutQ8-chat-v2-imatrix-0731.gguf,2026-09-09T19:46:50-0400
5,3,auto,2,2048,755.80,45.40,45.52,26.599,2048,128,127,52184460,2026-09-09T20:39:28-0400,2026-09-09T20:40:20-0400,52,50,99.41,93.503,89.36,83.47,78.537,21.678,94.247,109.76,122.193,135.39,2627.86,2836.44,2732.2,0.55,91786073210.88,69.63,25.02,20.592,20:28:39/20:41:39,780,20.6,20:28:39/20:41:39,780,78.818,plateau,534,-0.2949,max,0,6289c5162739,DeepSeek-V4-Flash-IQ2XXS-w2Q2K-AProjQ8-SExpQ8-OutQ8-chat-v2-imatrix-0731.gguf,2026-09-09T19:46:50-0400
5,3,auto,2,4096,654.83,40.49,40.55,26.615,2048,128,127,80373132,2026-09-09T20:39:28-0400,2026-09-09T20:40:20-0400,52,50,99.41,93.503,89.36,83.47,78.537,21.678,94.247,109.76,122.193,135.39,2627.86,2836.44,2732.2,0.55,91786073210.88,69.63,25.02,20.592,20:28:39/20:41:39,780,20.6,20:28:39/20:41:39,780,78.818,plateau,534,-0.2949,max,0,6289c5162739,DeepSeek-V4-Flash-IQ2XXS-w2Q2K-AProjQ8-SExpQ8-OutQ8-chat-v2-imatrix-0731.gguf,2026-09-09T19:46:50-0400
5,3,auto,2,6144,635.22,40.24,40.32,28.905,2048,128,127,108561804,2026-09-09T20:39:28-0400,2026-09-09T20:40:20-0400,52,50,99.41,93.503,89.36,83.47,78.537,21.678,94.247,109.76,122.193,135.39,2627.86,2836.44,2732.2,0.55,91786073210.88,69.63,25.02,20.592,20:28:39/20:41:39,780,20.6,20:28:39/20:41:39,780,78.818,plateau,534,-0.2949,max,0,6289c5162739,DeepSeek-V4-Flash-IQ2XXS-w2Q2K-AProjQ8-SExpQ8-OutQ8-chat-v2-imatrix-0731.gguf,2026-09-09T19:46:50-0400
5,3,auto,2,8192,632.65,39.89,39.97,28.767,2048,128,127,136750476,2026-09-09T20:39:28-0400,2026-09-09T20:40:20-0400,52,50,99.41,93.503,89.36,83.47,78.537,21.678,94.247,109.76,122.193,135.39,2627.86,2836.44,2732.2,0.55,91786073210.88,69.63,25.02,20.592,20:28:39/20:41:39,780,20.6,20:28:39/20:41:39,780,78.818,plateau,534,-0.2949,max,0,6289c5162739,DeepSeek-V4-Flash-IQ2XXS-w2Q2K-AProjQ8-SExpQ8-OutQ8-chat-v2-imatrix-0731.gguf,2026-09-09T19:46:50-0400
5,3,auto,2,10240,620.16,39.74,39.83,29.764,2048,128,127,164939148,2026-09-09T20:39:28-0400,2026-09-09T20:40:20-0400,52,50,99.41,93.503,89.36,83.47,78.537,21.678,94.247,109.76,122.193,135.39,2627.86,2836.44,2732.2,0.55,91786073210.88,69.63,25.02,20.592,20:28:39/20:41:39,780,20.6,20:28:39/20:41:39,780,78.818,plateau,534,-0.2949,max,0,6289c5162739,DeepSeek-V4-Flash-IQ2XXS-w2Q2K-AProjQ8-SExpQ8-OutQ8-chat-v2-imatrix-0731.gguf,2026-09-09T19:46:50-0400
5,3,auto,2,12288,613.52,39.79,39.87,28.965,2048,128,127,193127820,2026-09-09T20:39:28-0400,2026-09-09T20:40:20-0400,52,50,99.41,93.503,89.36,83.47,78.537,21.678,94.247,109.76,122.193,135.39,2627.86,2836.44,2732.2,0.55,91786073210.88,69.63,25.02,20.592,20:28:39/20:41:39,780,20.6,20:28:39/20:41:39,780,78.818,plateau,534,-0.2949,max,0,6289c5162739,DeepSeek-V4-Flash-IQ2XXS-w2Q2K-AProjQ8-SExpQ8-OutQ8-chat-v2-imatrix-0731.gguf,2026-09-09T19:46:50-0400
5,3,auto,2,14336,609.97,39.46,39.55,29.503,2048,128,127,221316492,2026-09-09T20:39:28-0400,2026-09-09T20:40:20-0400,52,50,99.41,93.503,89.36,83.47,78.537,21.678,94.247,109.76,122.193,135.39,2627.86,2836.44,2732.2,0.55,91786073210.88,69.63,25.02,20.592,20:28:39/20:41:39,780,20.6,20:28:39/20:41:39,780,78.818,plateau,534,-0.2949,max,0,6289c5162739,DeepSeek-V4-Flash-IQ2XXS-w2Q2K-AProjQ8-SExpQ8-OutQ8-chat-v2-imatrix-0731.gguf,2026-09-09T19:46:50-0400
5,3,auto,2,16384,608.44,38.96,39.03,28.890,2048,128,127,0,2026-09-09T20:39:28-0400,2026-09-09T20:40:20-0400,52,50,99.41,93.503,89.36,83.47,78.537,21.678,94.247,109.76,122.193,135.39,2627.86,2836.44,2732.2,0.55,91786073210.88,69.63,25.02,20.592,20:28:39/20:41:39,780,20.6,20:28:39/20:41:39,780,78.818,plateau,534,-0.2949,max,0,6289c5162739,DeepSeek-V4-Flash-IQ2XXS-w2Q2K-AProjQ8-SExpQ8-OutQ8-chat-v2-imatrix-0731.gguf,2026-09-09T19:46:50-0400
5,3,auto,3,2048,774.80,44.25,44.35,26.497,2048,128,127,52184460,2026-09-09T20:40:20-0400,2026-09-09T20:41:12-0400,52,49,98.09,92.48,87.05,81.53,78.112,22.554,92.191,122.18,119.54,132.35,3040.51,3282.51,3161.5,0.537,91831450644.898,73.23,25.02,20.6,20:28:39/20:41:39,780,20.607,20:28:39/20:41:39,780,77.49,plateau,534,-0.2949,max,0,6289c5162739,DeepSeek-V4-Flash-IQ2XXS-w2Q2K-AProjQ8-SExpQ8-OutQ8-chat-v2-imatrix-0731.gguf,2026-09-09T19:46:50-0400
5,3,auto,3,4096,646.44,39.86,39.92,27.664,2048,128,127,80373132,2026-09-09T20:40:20-0400,2026-09-09T20:41:12-0400,52,49,98.09,92.48,87.05,81.53,78.112,22.554,92.191,122.18,119.54,132.35,3040.51,3282.51,3161.5,0.537,91831450644.898,73.23,25.02,20.6,20:28:39/20:41:39,780,20.607,20:28:39/20:41:39,780,77.49,plateau,534,-0.2949,max,0,6289c5162739,DeepSeek-V4-Flash-IQ2XXS-w2Q2K-AProjQ8-SExpQ8-OutQ8-chat-v2-imatrix-0731.gguf,2026-09-09T19:46:50-0400
5,3,auto,3,6144,633.02,40.15,40.24,29.222,2048,128,127,108561804,2026-09-09T20:40:20-0400,2026-09-09T20:41:12-0400,52,49,98.09,92.48,87.05,81.53,78.112,22.554,92.191,122.18,119.54,132.35,3040.51,3282.51,3161.5,0.537,91831450644.898,73.23,25.02,20.6,20:28:39/20:41:39,780,20.607,20:28:39/20:41:39,780,77.49,plateau,534,-0.2949,max,0,6289c5162739,DeepSeek-V4-Flash-IQ2XXS-w2Q2K-AProjQ8-SExpQ8-OutQ8-chat-v2-imatrix-0731.gguf,2026-09-09T19:46:50-0400
5,3,auto,3,8192,634.16,39.92,40.01,29.292,2048,128,127,136750476,2026-09-09T20:40:20-0400,2026-09-09T20:41:12-0400,52,49,98.09,92.48,87.05,81.53,78.112,22.554,92.191,122.18,119.54,132.35,3040.51,3282.51,3161.5,0.537,91831450644.898,73.23,25.02,20.6,20:28:39/20:41:39,780,20.607,20:28:39/20:41:39,780,77.49,plateau,534,-0.2949,max,0,6289c5162739,DeepSeek-V4-Flash-IQ2XXS-w2Q2K-AProjQ8-SExpQ8-OutQ8-chat-v2-imatrix-0731.gguf,2026-09-09T19:46:50-0400
5,3,auto,3,10240,619.73,39.62,39.72,30.017,2048,128,127,164939148,2026-09-09T20:40:20-0400,2026-09-09T20:41:12-0400,52,49,98.09,92.48,87.05,81.53,78.112,22.554,92.191,122.18,119.54,132.35,3040.51,3282.51,3161.5,0.537,91831450644.898,73.23,25.02,20.6,20:28:39/20:41:39,780,20.607,20:28:39/20:41:39,780,77.49,plateau,534,-0.2949,max,0,6289c5162739,DeepSeek-V4-Flash-IQ2XXS-w2Q2K-AProjQ8-SExpQ8-OutQ8-chat-v2-imatrix-0731.gguf,2026-09-09T19:46:50-0400
5,3,auto,3,12288,613.69,39.57,39.65,28.595,2048,128,127,193127820,2026-09-09T20:40:20-0400,2026-09-09T20:41:12-0400,52,49,98.09,92.48,87.05,81.53,78.112,22.554,92.191,122.18,119.54,132.35,3040.51,3282.51,3161.5,0.537,91831450644.898,73.23,25.02,20.6,20:28:39/20:41:39,780,20.607,20:28:39/20:41:39,780,77.49,plateau,534,-0.2949,max,0,6289c5162739,DeepSeek-V4-Flash-IQ2XXS-w2Q2K-AProjQ8-SExpQ8-OutQ8-chat-v2-imatrix-0731.gguf,2026-09-09T19:46:50-0400
5,3,auto,3,14336,604.50,39.28,39.38,30.475,2048,128,127,221316492,2026-09-09T20:40:20-0400,2026-09-09T20:41:12-0400,52,49,98.09,92.48,87.05,81.53,78.112,22.554,92.191,122.18,119.54,132.35,3040.51,3282.51,3161.5,0.537,91831450644.898,73.23,25.02,20.6,20:28:39/20:41:39,780,20.607,20:28:39/20:41:39,780,77.49,plateau,534,-0.2949,max,0,6289c5162739,DeepSeek-V4-Flash-IQ2XXS-w2Q2K-AProjQ8-SExpQ8-OutQ8-chat-v2-imatrix-0731.gguf,2026-09-09T19:46:50-0400
5,3,auto,3,16384,605.43,39.27,39.35,29.488,2048,128,127,0,2026-09-09T20:40:20-0400,2026-09-09T20:41:12-0400,52,49,98.09,92.48,87.05,81.53,78.112,22.554,92.191,122.18,119.54,132.35,3040.51,3282.51,3161.5,0.537,91831450644.898,73.23,25.02,20.6,20:28:39/20:41:39,780,20.607,20:28:39/20:41:39,780,77.49,plateau,534,-0.2949,max,0,6289c5162739,DeepSeek-V4-Flash-IQ2XXS-w2Q2K-AProjQ8-SExpQ8-OutQ8-chat-v2-imatrix-0731.gguf,2026-09-09T19:46:50-0400
6,3,max,1,2048,810.56,45.80,45.87,23.621,2048,128,127,52184460,2026-09-09T20:48:14-0400,2026-09-09T20:49:04-0400,50,47,82.5,72.586,27.73,60.64,51.773,22.169,98.517,136.86,122.248,134.25,5352.149,5781.404,5566.8,0.914,91770838168.511,51.8,27.17,20.762,20:44:39/20:49:39,299,20.771,20:44:39/20:49:39,299,61.738,plateau,421,-0.2338,max,0,6289c5162739,DeepSeek-V4-Flash-IQ2XXS-w2Q2K-AProjQ8-SExpQ8-OutQ8-chat-v2-imatrix-0731.gguf,2026-09-09T19:46:50-0400
6,3,max,1,4096,722.09,42.44,42.50,25.354,2048,128,127,80373132,2026-09-09T20:48:14-0400,2026-09-09T20:49:04-0400,50,47,82.5,72.586,27.73,60.64,51.773,22.169,98.517,136.86,122.248,134.25,5352.149,5781.404,5566.8,0.914,91770838168.511,51.8,27.17,20.762,20:44:39/20:49:39,299,20.771,20:44:39/20:49:39,299,61.738,plateau,421,-0.2338,max,0,6289c5162739,DeepSeek-V4-Flash-IQ2XXS-w2Q2K-AProjQ8-SExpQ8-OutQ8-chat-v2-imatrix-0731.gguf,2026-09-09T19:46:50-0400
6,3,max,1,6144,685.50,42.00,42.06,25.382,2048,128,127,108561804,2026-09-09T20:48:14-0400,2026-09-09T20:49:04-0400,50,47,82.5,72.586,27.73,60.64,51.773,22.169,98.517,136.86,122.248,134.25,5352.149,5781.404,5566.8,0.914,91770838168.511,51.8,27.17,20.762,20:44:39/20:49:39,299,20.771,20:44:39/20:49:39,299,61.738,plateau,421,-0.2338,max,0,6289c5162739,DeepSeek-V4-Flash-IQ2XXS-w2Q2K-AProjQ8-SExpQ8-OutQ8-chat-v2-imatrix-0731.gguf,2026-09-09T19:46:50-0400
6,3,max,1,8192,680.06,41.90,41.95,25.432,2048,128,127,136750476,2026-09-09T20:48:14-0400,2026-09-09T20:49:04-0400,50,47,82.5,72.586,27.73,60.64,51.773,22.169,98.517,136.86,122.248,134.25,5352.149,5781.404,5566.8,0.914,91770838168.511,51.8,27.17,20.762,20:44:39/20:49:39,299,20.771,20:44:39/20:49:39,299,61.738,plateau,421,-0.2338,max,0,6289c5162739,DeepSeek-V4-Flash-IQ2XXS-w2Q2K-AProjQ8-SExpQ8-OutQ8-chat-v2-imatrix-0731.gguf,2026-09-09T19:46:50-0400
6,3,max,1,10240,647.90,41.27,41.34,27.329,2048,128,127,164939148,2026-09-09T20:48:14-0400,2026-09-09T20:49:04-0400,50,47,82.5,72.586,27.73,60.64,51.773,22.169,98.517,136.86,122.248,134.25,5352.149,5781.404,5566.8,0.914,91770838168.511,51.8,27.17,20.762,20:44:39/20:49:39,299,20.771,20:44:39/20:49:39,299,61.738,plateau,421,-0.2338,max,0,6289c5162739,DeepSeek-V4-Flash-IQ2XXS-w2Q2K-AProjQ8-SExpQ8-OutQ8-chat-v2-imatrix-0731.gguf,2026-09-09T19:46:50-0400
6,3,max,1,12288,621.20,41.16,41.23,27.084,2048,128,127,193127820,2026-09-09T20:48:14-0400,2026-09-09T20:49:04-0400,50,47,82.5,72.586,27.73,60.64,51.773,22.169,98.517,136.86,122.248,134.25,5352.149,5781.404,5566.8,0.914,91770838168.511,51.8,27.17,20.762,20:44:39/20:49:39,299,20.771,20:44:39/20:49:39,299,61.738,plateau,421,-0.2338,max,0,6289c5162739,DeepSeek-V4-Flash-IQ2XXS-w2Q2K-AProjQ8-SExpQ8-OutQ8-chat-v2-imatrix-0731.gguf,2026-09-09T19:46:50-0400
6,3,max,1,14336,618.26,40.70,40.76,26.028,2048,128,127,221316492,2026-09-09T20:48:14-0400,2026-09-09T20:49:04-0400,50,47,82.5,72.586,27.73,60.64,51.773,22.169,98.517,136.86,122.248,134.25,5352.149,5781.404,5566.8,0.914,91770838168.511,51.8,27.17,20.762,20:44:39/20:49:39,299,20.771,20:44:39/20:49:39,299,61.738,plateau,421,-0.2338,max,0,6289c5162739,DeepSeek-V4-Flash-IQ2XXS-w2Q2K-AProjQ8-SExpQ8-OutQ8-chat-v2-imatrix-0731.gguf,2026-09-09T19:46:50-0400
6,3,max,1,16384,612.67,40.29,40.34,26.347,2048,128,127,0,2026-09-09T20:48:14-0400,2026-09-09T20:49:04-0400,50,47,82.5,72.586,27.73,60.64,51.773,22.169,98.517,136.86,122.248,134.25,5352.149,5781.404,5566.8,0.914,91770838168.511,51.8,27.17,20.762,20:44:39/20:49:39,299,20.771,20:44:39/20:49:39,299,61.738,plateau,421,-0.2338,max,0,6289c5162739,DeepSeek-V4-Flash-IQ2XXS-w2Q2K-AProjQ8-SExpQ8-OutQ8-chat-v2-imatrix-0731.gguf,2026-09-09T19:46:50-0400
6,3,max,2,2048,781.33,45.07,45.15,24.897,2048,128,127,52184460,2026-09-09T20:49:04-0400,2026-09-09T20:49:55-0400,51,49,88.94,84.032,72.61,66.42,63.284,22.36,93.136,131.5,121.524,134.74,5350.0,5777.898,5563.9,0.831,91787206488.816,58.76,27.17,20.771,20:44:39/20:49:39,299,20.785,20:49:39/20:53:39,239,68.169,plateau,421,-0.2338,max,0,6289c5162739,DeepSeek-V4-Flash-IQ2XXS-w2Q2K-AProjQ8-SExpQ8-OutQ8-chat-v2-imatrix-0731.gguf,2026-09-09T19:46:50-0400
6,3,max,2,4096,648.57,41.31,41.39,27.938,2048,128,127,80373132,2026-09-09T20:49:04-0400,2026-09-09T20:49:55-0400,51,49,88.94,84.032,72.61,66.42,63.284,22.36,93.136,131.5,121.524,134.74,5350.0,5777.898,5563.9,0.831,91787206488.816,58.76,27.17,20.771,20:44:39/20:49:39,299,20.785,20:49:39/20:53:39,239,68.169,plateau,421,-0.2338,max,0,6289c5162739,DeepSeek-V4-Flash-IQ2XXS-w2Q2K-AProjQ8-SExpQ8-OutQ8-chat-v2-imatrix-0731.gguf,2026-09-09T19:46:50-0400
6,3,max,2,6144,631.69,41.02,41.09,27.394,2048,128,127,108561804,2026-09-09T20:49:04-0400,2026-09-09T20:49:55-0400,51,49,88.94,84.032,72.61,66.42,63.284,22.36,93.136,131.5,121.524,134.74,5350.0,5777.898,5563.9,0.831,91787206488.816,58.76,27.17,20.771,20:44:39/20:49:39,299,20.785,20:49:39/20:53:39,239,68.169,plateau,421,-0.2338,max,0,6289c5162739,DeepSeek-V4-Flash-IQ2XXS-w2Q2K-AProjQ8-SExpQ8-OutQ8-chat-v2-imatrix-0731.gguf,2026-09-09T19:46:50-0400
6,3,max,2,8192,619.65,40.43,40.48,26.573,2048,128,127,136750476,2026-09-09T20:49:04-0400,2026-09-09T20:49:55-0400,51,49,88.94,84.032,72.61,66.42,63.284,22.36,93.136,131.5,121.524,134.74,5350.0,5777.898,5563.9,0.831,91787206488.816,58.76,27.17,20.771,20:44:39/20:49:39,299,20.785,20:49:39/20:53:39,239,68.169,plateau,421,-0.2338,max,0,6289c5162739,DeepSeek-V4-Flash-IQ2XXS-w2Q2K-AProjQ8-SExpQ8-OutQ8-chat-v2-imatrix-0731.gguf,2026-09-09T19:46:50-0400
6,3,max,2,10240,627.19,39.55,39.61,27.388,2048,128,127,164939148,2026-09-09T20:49:04-0400,2026-09-09T20:49:55-0400,51,49,88.94,84.032,72.61,66.42,63.284,22.36,93.136,131.5,121.524,134.74,5350.0,5777.898,5563.9,0.831,91787206488.816,58.76,27.17,20.771,20:44:39/20:49:39,299,20.785,20:49:39/20:53:39,239,68.169,plateau,421,-0.2338,max,0,6289c5162739,DeepSeek-V4-Flash-IQ2XXS-w2Q2K-AProjQ8-SExpQ8-OutQ8-chat-v2-imatrix-0731.gguf,2026-09-09T19:46:50-0400
6,3,max,2,12288,621.85,39.84,39.92,28.315,2048,128,127,193127820,2026-09-09T20:49:04-0400,2026-09-09T20:49:55-0400,51,49,88.94,84.032,72.61,66.42,63.284,22.36,93.136,131.5,121.524,134.74,5350.0,5777.898,5563.9,0.831,91787206488.816,58.76,27.17,20.771,20:44:39/20:49:39,299,20.785,20:49:39/20:53:39,239,68.169,plateau,421,-0.2338,max,0,6289c5162739,DeepSeek-V4-Flash-IQ2XXS-w2Q2K-AProjQ8-SExpQ8-OutQ8-chat-v2-imatrix-0731.gguf,2026-09-09T19:46:50-0400
6,3,max,2,14336,618.02,39.58,39.67,29.699,2048,128,127,221316492,2026-09-09T20:49:04-0400,2026-09-09T20:49:55-0400,51,49,88.94,84.032,72.61,66.42,63.284,22.36,93.136,131.5,121.524,134.74,5350.0,5777.898,5563.9,0.831,91787206488.816,58.76,27.17,20.771,20:44:39/20:49:39,299,20.785,20:49:39/20:53:39,239,68.169,plateau,421,-0.2338,max,0,6289c5162739,DeepSeek-V4-Flash-IQ2XXS-w2Q2K-AProjQ8-SExpQ8-OutQ8-chat-v2-imatrix-0731.gguf,2026-09-09T19:46:50-0400
6,3,max,2,16384,612.14,39.35,39.44,29.922,2048,128,127,0,2026-09-09T20:49:04-0400,2026-09-09T20:49:55-0400,51,49,88.94,84.032,72.61,66.42,63.284,22.36,93.136,131.5,121.524,134.74,5350.0,5777.898,5563.9,0.831,91787206488.816,58.76,27.17,20.771,20:44:39/20:49:39,299,20.785,20:49:39/20:53:39,239,68.169,plateau,421,-0.2338,max,0,6289c5162739,DeepSeek-V4-Flash-IQ2XXS-w2Q2K-AProjQ8-SExpQ8-OutQ8-chat-v2-imatrix-0731.gguf,2026-09-09T19:46:50-0400
6,3,max,3,2048,782.12,43.81,43.88,24.275,2048,128,127,52184460,2026-09-09T20:49:55-0400,2026-09-09T20:50:47-0400,52,49,92.78,86.981,73.81,67.84,65.88,22.831,93.331,123.53,121.579,134.08,5349.837,5777.143,5563.5,0.797,90496061690.776,62.36,27.17,20.785,20:49:39/20:53:39,239,20.809,20:49:39/20:53:39,239,71.995,plateau,421,-0.2338,max,0,6289c5162739,DeepSeek-V4-Flash-IQ2XXS-w2Q2K-AProjQ8-SExpQ8-OutQ8-chat-v2-imatrix-0731.gguf,2026-09-09T19:46:50-0400
6,3,max,3,4096,655.48,40.19,40.25,27.099,2048,128,127,80373132,2026-09-09T20:49:55-0400,2026-09-09T20:50:47-0400,52,49,92.78,86.981,73.81,67.84,65.88,22.831,93.331,123.53,121.579,134.08,5349.837,5777.143,5563.5,0.797,90496061690.776,62.36,27.17,20.785,20:49:39/20:53:39,239,20.809,20:49:39/20:53:39,239,71.995,plateau,421,-0.2338,max,0,6289c5162739,DeepSeek-V4-Flash-IQ2XXS-w2Q2K-AProjQ8-SExpQ8-OutQ8-chat-v2-imatrix-0731.gguf,2026-09-09T19:46:50-0400
6,3,max,3,6144,635.24,40.92,40.98,26.805,2048,128,127,108561804,2026-09-09T20:49:55-0400,2026-09-09T20:50:47-0400,52,49,92.78,86.981,73.81,67.84,65.88,22.831,93.331,123.53,121.579,134.08,5349.837,5777.143,5563.5,0.797,90496061690.776,62.36,27.17,20.785,20:49:39/20:53:39,239,20.809,20:49:39/20:53:39,239,71.995,plateau,421,-0.2338,max,0,6289c5162739,DeepSeek-V4-Flash-IQ2XXS-w2Q2K-AProjQ8-SExpQ8-OutQ8-chat-v2-imatrix-0731.gguf,2026-09-09T19:46:50-0400
6,3,max,3,8192,637.14,40.06,40.13,28.179,2048,128,127,136750476,2026-09-09T20:49:55-0400,2026-09-09T20:50:47-0400,52,49,92.78,86.981,73.81,67.84,65.88,22.831,93.331,123.53,121.579,134.08,5349.837,5777.143,5563.5,0.797,90496061690.776,62.36,27.17,20.785,20:49:39/20:53:39,239,20.809,20:49:39/20:53:39,239,71.995,plateau,421,-0.2338,max,0,6289c5162739,DeepSeek-V4-Flash-IQ2XXS-w2Q2K-AProjQ8-SExpQ8-OutQ8-chat-v2-imatrix-0731.gguf,2026-09-09T19:46:50-0400
6,3,max,3,10240,590.84,40.63,40.70,26.788,2048,128,127,164939148,2026-09-09T20:49:55-0400,2026-09-09T20:50:47-0400,52,49,92.78,86.981,73.81,67.84,65.88,22.831,93.331,123.53,121.579,134.08,5349.837,5777.143,5563.5,0.797,90496061690.776,62.36,27.17,20.785,20:49:39/20:53:39,239,20.809,20:49:39/20:53:39,239,71.995,plateau,421,-0.2338,max,0,6289c5162739,DeepSeek-V4-Flash-IQ2XXS-w2Q2K-AProjQ8-SExpQ8-OutQ8-chat-v2-imatrix-0731.gguf,2026-09-09T19:46:50-0400
6,3,max,3,12288,621.49,39.87,39.95,28.100,2048,128,127,193127820,2026-09-09T20:49:55-0400,2026-09-09T20:50:47-0400,52,49,92.78,86.981,73.81,67.84,65.88,22.831,93.331,123.53,121.579,134.08,5349.837,5777.143,5563.5,0.797,90496061690.776,62.36,27.17,20.785,20:49:39/20:53:39,239,20.809,20:49:39/20:53:39,239,71.995,plateau,421,-0.2338,max,0,6289c5162739,DeepSeek-V4-Flash-IQ2XXS-w2Q2K-AProjQ8-SExpQ8-OutQ8-chat-v2-imatrix-0731.gguf,2026-09-09T19:46:50-0400
6,3,max,3,14336,614.09,39.74,39.80,27.382,2048,128,127,221316492,2026-09-09T20:49:55-0400,2026-09-09T20:50:47-0400,52,49,92.78,86.981,73.81,67.84,65.88,22.831,93.331,123.53,121.579,134.08,5349.837,5777.143,5563.5,0.797,90496061690.776,62.36,27.17,20.785,20:49:39/20:53:39,239,20.809,20:49:39/20:53:39,239,71.995,plateau,421,-0.2338,max,0,6289c5162739,DeepSeek-V4-Flash-IQ2XXS-w2Q2K-AProjQ8-SExpQ8-OutQ8-chat-v2-imatrix-0731.gguf,2026-09-09T19:46:50-0400
6,3,max,3,16384,600.67,39.43,39.48,27.411,2048,128,127,0,2026-09-09T20:49:55-0400,2026-09-09T20:50:47-0400,52,49,92.78,86.981,73.81,67.84,65.88,22.831,93.331,123.53,121.579,134.08,5349.837,5777.143,5563.5,0.797,90496061690.776,62.36,27.17,20.785,20:49:39/20:53:39,239,20.809,20:49:39/20:53:39,239,71.995,plateau,421,-0.2338,max,0,6289c5162739,DeepSeek-V4-Flash-IQ2XXS-w2Q2K-AProjQ8-SExpQ8-OutQ8-chat-v2-imatrix-0731.gguf,2026-09-09T19:46:50-0400
